paper_id,doi,first_author,year,journal,title,sample_id,material_class,material_description,synthesis_method,purification_method,activation_method,dopant_element,dopant_concentration_at_pct,functional_groups,bet_surface_area_m2_g,langmuir_surface_area_m2_g,micropore_volume_cm3_g,total_pore_volume_cm3_g,average_pore_diameter_nm,temperature_k,pressure_bar,uptake_wt_pct,uptake_mmol_g,uptake_type,measurement_method,uncertainty_wt_pct,source_location,extraction_method,extraction_confidence,reproducibility_tier,notes,extractor,extraction_date,verified_by,verification_date,measurement_id,uptake_ml_stp_g,surface_area_method,ultramicropore_volume_cm3_g,uptake_bound,temperature_unstated,pressure_unstated,measurement_mode,reference_temperature_k,metal_element,metal_loading_wt_pct,residual_metal_element,residual_metal_wt_pct,dopant_concentration_wt_pct,dopant_concentration_method
HYC-0001,10.1016/j.carbon.2005.03.037,Panella,2005,Carbon,Hydrogen adsorption in different carbon nanostructures,HYC-0001-S1,activated_carbon,"Activated carbon, similar to AX-21, from coke + KOH; doubled SSA vs regular-grade porous carbon",commercial,,KOH activation (coke + KOH),,,,2564,,0.75,,1.175,77,60,4.5,,unspecified,volumetric_sieverts,,"Abstract & Section 3 p.2212 (""about 4.5 wt% at 77 K"", Langmuir saturation); Table 1 p.2210; Fig.2a plateau ~40-60 bar",text_direct,4,B,77 K Langmuir saturation; uptake_type unspecified (paper states neither excess nor absolute); micropore vol = pore vol for pores <1.3 nm diameter (Table 1),AG,2026-06-29,,,HYC-0001-M1,,BET,,exact,false,false,isothermal,,,,,,,
HYC-0001,10.1016/j.carbon.2005.03.037,Panella,2005,Carbon,Hydrogen adsorption in different carbon nanostructures,HYC-0001-S1,activated_carbon,"Activated carbon, similar to AX-21, from coke + KOH; doubled SSA vs regular-grade porous carbon",commercial,,KOH activation (coke + KOH),,,,2564,,0.75,,1.175,298,66,0.53,,unspecified,volumetric_sieverts,,"Fig.5 p.2213 (""298 K and 66 bar"" vs SSA, read at SSA=2564); cross-check Fig.2a; Table 1 p.2210",figure_digitized,3,B,"298 K / 66 bar single-point; digitized from Fig.5 (WebPlotDigitizer), cross-checked vs Fig.2a; uptake_type unspecified",AG,2026-06-29,,,HYC-0001-M2,,BET,,exact,false,false,isothermal,,,,,,,
HYC-0001,10.1016/j.carbon.2005.03.037,Panella,2005,Carbon,Hydrogen adsorption in different carbon nanostructures,HYC-0001-S2,SWCNT,"Single-walled carbon nanotubes (SWCNT), HiPco method, standard purification to 98 wt% SWCNTs",hipco,standard purification to 98 wt% SWCNTs,,,,,854,,0.36,,1.709,77,60,2.52,,unspecified,volumetric_sieverts,,Fig.2b p.2211 (77 K Langmuir plateau) and Fig.3 p.2212 (point at SSA=854); Table 1 p.2210,figure_digitized,3,B,"77 K Langmuir saturation; digitized from Fig.2b (WebPlotDigitizer), cross-checked vs Fig.3; uptake_type unspecified",AG,2026-06-29,,,HYC-0001-M3,,BET,,exact,false,false,isothermal,,,,,,,
HYC-0001,10.1016/j.carbon.2005.03.037,Panella,2005,Carbon,Hydrogen adsorption in different carbon nanostructures,HYC-0001-S2,SWCNT,"Single-walled carbon nanotubes (SWCNT), HiPco method, standard purification to 98 wt% SWCNTs",hipco,standard purification to 98 wt% SWCNTs,,,,,854,,0.36,,1.709,298,66,0.35,,unspecified,volumetric_sieverts,,"Fig.2b p.2211 (298 K lower curve, ~65 bar) and Fig.5 p.2213 (SSA=854); Table 1 p.2210",figure_digitized,3,B,"298 K / 66 bar single-point; digitized from Fig.2b lower curve (WebPlotDigitizer), cross-checked vs Fig.5; uptake_type unspecified",AG,2026-06-29,,,HYC-0001-M4,,BET,,exact,false,false,isothermal,,,,,,,
HYC-0004,10.1007/s003390100847,Nijkamp,2001,Applied Physics A,Hydrogen storage using physisorption - materials demands,HYC-0004-S1,other,synthetic graphite (non-porous),commercial,,,,,,7,,0.00,0.04,,77,1,0,0,unspecified,volumetric_sieverts,,"Table 1, sample 1 (H2 total = 0 ml(STP)/g; SBET, MPV, PV same row)",table_direct,5,B,"Measured H2 total = 0 ml(STP)/g at 77 K, 1 bar (Table 1); converted via 1 mmol H2 = 22.414 ml(STP). uptake_type unspecified (paper uses neither 'excess' nor 'absolute'). non-porous synthetic graphite baseline",AG,2026-06-29,,,HYC-0004-M1,0,BET,,exact,false,false,isothermal,,,,,,,
HYC-0004,10.1007/s003390100847,Nijkamp,2001,Applied Physics A,Hydrogen storage using physisorption - materials demands,HYC-0004-S2,carbon_nanofiber,large-diameter carbon nanofiber (fishbone),cvd,,,,,,49,,0.01,0.10,,77,1,0.05,0.268,unspecified,volumetric_sieverts,,"Table 1, sample 2 (H2 total = 6 ml(STP)/g; SBET, MPV, PV same row)",table_direct,5,B,"Measured H2 total = 6 ml(STP)/g at 77 K, 1 bar (Table 1); converted via 1 mmol H2 = 22.414 ml(STP). uptake_type unspecified (paper uses neither 'excess' nor 'absolute'). catalytically synthesized graphitic nanofiber",AG,2026-06-29,,,HYC-0004-M2,6,BET,,exact,false,false,isothermal,,,,,,,
HYC-0004,10.1007/s003390100847,Nijkamp,2001,Applied Physics A,Hydrogen storage using physisorption - materials demands,HYC-0004-S3,other,activated synthetic graphite (Activated graphite 100),other,,steam activation 1000C,,,,119,,0.02,0.26,,77,1,0.13,0.625,unspecified,volumetric_sieverts,,"Table 1, sample 3 (H2 total = 14 ml(STP)/g; SBET, MPV, PV same row)",table_direct,5,B,"Measured H2 total = 14 ml(STP)/g at 77 K, 1 bar (Table 1); converted via 1 mmol H2 = 22.414 ml(STP). uptake_type unspecified (paper uses neither 'excess' nor 'absolute'). activated synthetic graphite",AG,2026-06-29,,,HYC-0004-M3,14,BET,,exact,false,false,isothermal,,,,,,,
HYC-0004,10.1007/s003390100847,Nijkamp,2001,Applied Physics A,Hydrogen storage using physisorption - materials demands,HYC-0004-S4,carbon_nanofiber,medium-diameter carbon nanofiber 1 (fishbone),cvd,,,,,,120,,0.00,0.28,,77,1,0.11,0.535,unspecified,volumetric_sieverts,,"Table 1, sample 4 (H2 total = 12 ml(STP)/g; SBET, MPV, PV same row)",table_direct,5,B,"Measured H2 total = 12 ml(STP)/g at 77 K, 1 bar (Table 1); converted via 1 mmol H2 = 22.414 ml(STP). uptake_type unspecified (paper uses neither 'excess' nor 'absolute'). catalytically synthesized graphitic nanofiber",AG,2026-06-29,,,HYC-0004-M4,12,BET,,exact,false,false,isothermal,,,,,,,
HYC-0004,10.1007/s003390100847,Nijkamp,2001,Applied Physics A,Hydrogen storage using physisorption - materials demands,HYC-0004-S5,activated_carbon,activated carbon fiber ACF 400 (PAN/pitch-derived),pyrolysis,,steam activation,,,,883,,0.34,0.40,,77,1,1.29,6.38,unspecified,volumetric_sieverts,,"Table 1, sample 5 (H2 total = 143 ml(STP)/g; SBET, MPV, PV same row)",table_direct,5,B,"Measured H2 total = 143 ml(STP)/g at 77 K, 1 bar (Table 1); converted via 1 mmol H2 = 22.414 ml(STP). uptake_type unspecified (paper uses neither 'excess' nor 'absolute'). PAN/pitch-derived fiber, steam-activated",AG,2026-06-29,,,HYC-0004-M5,143,BET,,exact,false,false,isothermal,,,,,,,
HYC-0004,10.1007/s003390100847,Nijkamp,2001,Applied Physics A,Hydrogen storage using physisorption - materials demands,HYC-0004-S6,activated_carbon,activated carbon fiber ACF 1200 (PAN/pitch-derived),pyrolysis,,steam activation,,,,899,,0.37,0.42,,77,1,1.65,8.209,unspecified,volumetric_sieverts,,"Table 1, sample 6 (H2 total = 184 ml(STP)/g; SBET, MPV, PV same row)",table_direct,5,B,"Measured H2 total = 184 ml(STP)/g at 77 K, 1 bar (Table 1); converted via 1 mmol H2 = 22.414 ml(STP). uptake_type unspecified (paper uses neither 'excess' nor 'absolute'). PAN/pitch-derived fiber, steam-activated",AG,2026-06-29,,,HYC-0004-M6,184,BET,,exact,false,false,isothermal,,,,,,,
HYC-0004,10.1007/s003390100847,Nijkamp,2001,Applied Physics A,Hydrogen storage using physisorption - materials demands,HYC-0004-S7,activated_carbon,"steam-activated carbon, Norit 990721",commercial,,steam activation 1000C,,,,988,,0.43,0.43,,77,1,1.28,6.335,unspecified,volumetric_sieverts,,"Table 1, sample 7 (H2 total = 142 ml(STP)/g; SBET, MPV, PV same row)",table_direct,5,B,"Measured H2 total = 142 ml(STP)/g at 77 K, 1 bar (Table 1); converted via 1 mmol H2 = 22.414 ml(STP). uptake_type unspecified (paper uses neither 'excess' nor 'absolute'). commercial Norit, steam-activated",AG,2026-06-29,,,HYC-0004-M7,142,BET,,exact,false,false,isothermal,,,,,,,
HYC-0004,10.1007/s003390100847,Nijkamp,2001,Applied Physics A,Hydrogen storage using physisorption - materials demands,HYC-0004-S8,activated_carbon,"steam-activated carbon, Norit ROZ 3",commercial,,steam activation 1000C,,,,287,,0.05,0.50,,77,1,0.32,1.606,unspecified,volumetric_sieverts,,"Table 1, sample 8 (H2 total = 36 ml(STP)/g; SBET, MPV, PV same row)",table_direct,5,B,"Measured H2 total = 36 ml(STP)/g at 77 K, 1 bar (Table 1); converted via 1 mmol H2 = 22.414 ml(STP). uptake_type unspecified (paper uses neither 'excess' nor 'absolute'). commercial Norit, steam-activated",AG,2026-06-29,,,HYC-0004-M8,36,BET,,exact,false,false,isothermal,,,,,,,
HYC-0004,10.1007/s003390100847,Nijkamp,2001,Applied Physics A,Hydrogen storage using physisorption - materials demands,HYC-0004-S9,other,activated synthetic graphite (Activated graphite 300),other,,steam activation 1000C,,,,287,,0.05,0.51,,77,1,0.32,1.606,unspecified,volumetric_sieverts,,"Table 1, sample 9 (H2 total = 36 ml(STP)/g; SBET, MPV, PV same row)",table_direct,5,B,"Measured H2 total = 36 ml(STP)/g at 77 K, 1 bar (Table 1); converted via 1 mmol H2 = 22.414 ml(STP). uptake_type unspecified (paper uses neither 'excess' nor 'absolute'). activated synthetic graphite",AG,2026-06-29,,,HYC-0004-M9,36,BET,,exact,false,false,isothermal,,,,,,,
HYC-0004,10.1007/s003390100847,Nijkamp,2001,Applied Physics A,Hydrogen storage using physisorption - materials demands,HYC-0004-S10,carbon_nanofiber,medium-diameter carbon nanofiber 2 (fishbone),cvd,,,,,,65,,0.00,0.55,,77,1,0.06,0.312,unspecified,volumetric_sieverts,,"Table 1, sample 10 (H2 total = 7 ml(STP)/g; SBET, MPV, PV same row)",table_direct,5,B,"Measured H2 total = 7 ml(STP)/g at 77 K, 1 bar (Table 1); converted via 1 mmol H2 = 22.414 ml(STP). uptake_type unspecified (paper uses neither 'excess' nor 'absolute'). catalytically synthesized graphitic nanofiber",AG,2026-06-29,,,HYC-0004-M10,7,BET,,exact,false,false,isothermal,,,,,,,
HYC-0004,10.1007/s003390100847,Nijkamp,2001,Applied Physics A,Hydrogen storage using physisorption - materials demands,HYC-0004-S11,activated_carbon,"steam-activated carbon, Norit SX 2",commercial,,steam activation 1000C,,,,841,,0.27,0.60,,77,1,1.35,6.692,unspecified,volumetric_sieverts,,"Table 1, sample 11 (H2 total = 150 ml(STP)/g; SBET, MPV, PV same row)",table_direct,5,B,"Measured H2 total = 150 ml(STP)/g at 77 K, 1 bar (Table 1); converted via 1 mmol H2 = 22.414 ml(STP). uptake_type unspecified (paper uses neither 'excess' nor 'absolute'). commercial Norit, steam-activated",AG,2026-06-29,,,HYC-0004-M11,150,BET,,exact,false,false,isothermal,,,,,,,
HYC-0004,10.1007/s003390100847,Nijkamp,2001,Applied Physics A,Hydrogen storage using physisorption - materials demands,HYC-0004-S12,activated_carbon,activated carbon fiber ACF 500 (steam-activated),pyrolysis,,steam activation 1000C,,,,988,,0.40,0.61,,77,1,1.28,6.335,unspecified,volumetric_sieverts,,"Table 1, sample 12 (H2 total = 142 ml(STP)/g; SBET, MPV, PV same row)",table_direct,5,B,"Measured H2 total = 142 ml(STP)/g at 77 K, 1 bar (Table 1); converted via 1 mmol H2 = 22.414 ml(STP). uptake_type unspecified (paper uses neither 'excess' nor 'absolute'). PAN/pitch-derived fiber, steam-activated",AG,2026-06-29,,,HYC-0004-M12,142,BET,,exact,false,false,isothermal,,,,,,,
HYC-0004,10.1007/s003390100847,Nijkamp,2001,Applied Physics A,Hydrogen storage using physisorption - materials demands,HYC-0004-S13,activated_carbon,"steam-activated carbon, Norit UOK A",commercial,,steam activation 1000C,,,,1195,,0.47,0.65,,77,1,1.69,8.388,unspecified,volumetric_sieverts,,"Table 1, sample 13 (H2 total = 188 ml(STP)/g; SBET, MPV, PV same row)",table_direct,5,B,"Measured H2 total = 188 ml(STP)/g at 77 K, 1 bar (Table 1); converted via 1 mmol H2 = 22.414 ml(STP). uptake_type unspecified (paper uses neither 'excess' nor 'absolute'). commercial Norit, steam-activated",AG,2026-06-29,,,HYC-0004-M13,188,BET,,exact,false,false,isothermal,,,,,,,
HYC-0004,10.1007/s003390100847,Nijkamp,2001,Applied Physics A,Hydrogen storage using physisorption - materials demands,HYC-0004-S14,activated_carbon,"steam-activated carbon, Norit SX 1",commercial,,steam activation 1000C,,,,922,,0.31,0.67,,77,1,1.51,7.495,unspecified,volumetric_sieverts,,"Table 1, sample 14 (H2 total = 168 ml(STP)/g; SBET, MPV, PV same row)",table_direct,5,B,"Measured H2 total = 168 ml(STP)/g at 77 K, 1 bar (Table 1); converted via 1 mmol H2 = 22.414 ml(STP). uptake_type unspecified (paper uses neither 'excess' nor 'absolute'). commercial Norit, steam-activated",AG,2026-06-29,,,HYC-0004-M14,168,BET,,exact,false,false,isothermal,,,,,,,
HYC-0004,10.1007/s003390100847,Nijkamp,2001,Applied Physics A,Hydrogen storage using physisorption - materials demands,HYC-0004-S15,activated_carbon,"steam-activated carbon, Norit SX 1G AIR",commercial,,steam activation 1000C,,,,1030,,0.36,0.68,,77,1,1.54,7.629,unspecified,volumetric_sieverts,,"Table 1, sample 15 (H2 total = 171 ml(STP)/g; SBET, MPV, PV same row)",table_direct,5,B,"Measured H2 total = 171 ml(STP)/g at 77 K, 1 bar (Table 1); converted via 1 mmol H2 = 22.414 ml(STP). uptake_type unspecified (paper uses neither 'excess' nor 'absolute'). commercial Norit, steam-activated",AG,2026-06-29,,,HYC-0004-M15,171,BET,,exact,false,false,isothermal,,,,,,,
HYC-0004,10.1007/s003390100847,Nijkamp,2001,Applied Physics A,Hydrogen storage using physisorption - materials demands,HYC-0004-S16,activated_carbon,"steam-activated carbon, Norit GSX",commercial,,steam activation 1000C,,,,933,,0.26,0.78,,77,1,1.45,7.183,unspecified,volumetric_sieverts,,"Table 1, sample 16 (H2 total = 161 ml(STP)/g; SBET, MPV, PV same row)",table_direct,5,B,"Measured H2 total = 161 ml(STP)/g at 77 K, 1 bar (Table 1); converted via 1 mmol H2 = 22.414 ml(STP). uptake_type unspecified (paper uses neither 'excess' nor 'absolute'). commercial Norit, steam-activated",AG,2026-06-29,,,HYC-0004-M16,161,BET,,exact,false,false,isothermal,,,,,,,
HYC-0004,10.1007/s003390100847,Nijkamp,2001,Applied Physics A,Hydrogen storage using physisorption - materials demands,HYC-0004-S17,activated_carbon,"steam-activated carbon, Norit SX plus",commercial,,steam activation 1000C,,,,1051,,0.35,0.79,,77,1,1.48,7.361,unspecified,volumetric_sieverts,,"Table 1, sample 17 (H2 total = 165 ml(STP)/g; SBET, MPV, PV same row)",table_direct,5,B,"Measured H2 total = 165 ml(STP)/g at 77 K, 1 bar (Table 1); converted via 1 mmol H2 = 22.414 ml(STP). uptake_type unspecified (paper uses neither 'excess' nor 'absolute'). commercial Norit, steam-activated",AG,2026-06-29,,,HYC-0004-M17,165,BET,,exact,false,false,isothermal,,,,,,,
HYC-0004,10.1007/s003390100847,Nijkamp,2001,Applied Physics A,Hydrogen storage using physisorption - materials demands,HYC-0004-S18,activated_carbon,"steam-activated carbon, Norit SX 1 G",commercial,,steam activation 1000C,,,,1176,,0.40,0.83,,77,1,1.68,8.343,unspecified,volumetric_sieverts,,"Table 1, sample 18 (H2 total = 187 ml(STP)/g; SBET, MPV, PV same row)",table_direct,5,B,"Measured H2 total = 187 ml(STP)/g at 77 K, 1 bar (Table 1); converted via 1 mmol H2 = 22.414 ml(STP). uptake_type unspecified (paper uses neither 'excess' nor 'absolute'). commercial Norit, steam-activated",AG,2026-06-29,,,HYC-0004-M18,187,BET,,exact,false,false,isothermal,,,,,,,
HYC-0004,10.1007/s003390100847,Nijkamp,2001,Applied Physics A,Hydrogen storage using physisorption - materials demands,HYC-0004-S19,activated_carbon,"steam-activated carbon, Norit 990293",commercial,,steam activation 1000C,,,,2029,,0.92,1.03,,77,1,2.14,10.618,unspecified,volumetric_sieverts,,"Table 1, sample 19 (H2 total = 238 ml(STP)/g; SBET, MPV, PV same row)",table_direct,5,B,"Measured H2 total = 238 ml(STP)/g at 77 K, 1 bar (Table 1); converted via 1 mmol H2 = 22.414 ml(STP). uptake_type unspecified (paper uses neither 'excess' nor 'absolute'). commercial Norit, steam-activated; paper max uptake",AG,2026-06-29,,,HYC-0004-M19,238,BET,,exact,false,false,isothermal,,,,,,,
HYC-0004,10.1007/s003390100847,Nijkamp,2001,Applied Physics A,Hydrogen storage using physisorption - materials demands,HYC-0004-S20,activated_carbon,"chemically activated carbon (H3PO4), Norit Darco KB",commercial,,chemical (phosphoric acid) activation 500C,,,,1462,,0.42,1.39,,77,1,1.31,6.514,unspecified,volumetric_sieverts,,"Table 1, sample 20 (H2 total = 146 ml(STP)/g; SBET, MPV, PV same row)",table_direct,5,B,"Measured H2 total = 146 ml(STP)/g at 77 K, 1 bar (Table 1); converted via 1 mmol H2 = 22.414 ml(STP). uptake_type unspecified (paper uses neither 'excess' nor 'absolute'). commercial Norit, chemically activated (H3PO4)",AG,2026-06-29,,,HYC-0004-M20,146,BET,,exact,false,false,isothermal,,,,,,,
HYC-0004,10.1007/s003390100847,Nijkamp,2001,Applied Physics A,Hydrogen storage using physisorption - materials demands,HYC-0004-S21,carbon_nanofiber,"tubular carbon nanofiber (parallel), Hyperion",cvd,,,,,,238,,0.00,2.75,,77,1,0.2,0.982,unspecified,volumetric_sieverts,,"Table 1, sample 21 (H2 total = 22 ml(STP)/g; SBET, MPV, PV same row)",table_direct,5,B,"Measured H2 total = 22 ml(STP)/g at 77 K, 1 bar (Table 1); converted via 1 mmol H2 = 22.414 ml(STP). uptake_type unspecified (paper uses neither 'excess' nor 'absolute'). catalytically synthesized graphitic nanofiber (tubular)",AG,2026-06-29,,,HYC-0004-M21,22,BET,,exact,false,false,isothermal,,,,,,,
HYC-0005,10.1016/j.carbon.2004.05.018,Texier-Mandoki,2004,Carbon,Hydrogen storage in activated carbon materials: Role of the nanoporous texture,S1,activated_carbon,"Carbon C, activated carbon in development",commercial,,,,,,1040,,0.45,0.48,,77,1,1.8,,unspecified,volumetric_sieverts,,Table 1,table_direct,4,B,"bet_surface_area_m2_g holds paper's ""total surface area"" (N2 77 K); paper does not state BET. uptake_type unspecified (no excess/absolute in text). Pore volume below 0.7 nm is V_DR(CO2) from Table 1, Dubinin-Radushkevitch applied to CO2 adsorption at 273 K, P/P0 < 0.03. Surface area is the paper's TSA column, footnoted 'total surface area'; the paper never states a BET determination, so surface_area_method is unspecified and extraction_confidence is 4 rather than 5.",AG,2026-07-06,,,HYC-0005-M1,,unspecified,0.39,exact,false,false,isothermal,,,,,,,
HYC-0005,10.1016/j.carbon.2004.05.018,Texier-Mandoki,2004,Carbon,Hydrogen storage in activated carbon materials: Role of the nanoporous texture,S1,activated_carbon,"Carbon C, activated carbon in development",commercial,,,,,,1040,,0.45,0.48,,77,3,2.2,,unspecified,volumetric_sieverts,,Table 1,table_direct,4,B,"bet_surface_area_m2_g holds paper's ""total surface area"" (N2 77 K); paper does not state BET. uptake_type unspecified (no excess/absolute in text). Pore volume below 0.7 nm is V_DR(CO2) from Table 1, Dubinin-Radushkevitch applied to CO2 adsorption at 273 K, P/P0 < 0.03. Surface area is the paper's TSA column, footnoted 'total surface area'; the paper never states a BET determination, so surface_area_method is unspecified and extraction_confidence is 4 rather than 5.",AG,2026-07-06,,,HYC-0005-M2,,unspecified,0.39,exact,false,false,isothermal,,,,,,,
HYC-0005,10.1016/j.carbon.2004.05.018,Texier-Mandoki,2004,Carbon,Hydrogen storage in activated carbon materials: Role of the nanoporous texture,S1,activated_carbon,"Carbon C, activated carbon in development",commercial,,,,,,1040,,0.45,0.48,,77,7,2.5,,unspecified,volumetric_sieverts,,Table 1,table_direct,4,B,"bet_surface_area_m2_g holds paper's ""total surface area"" (N2 77 K); paper does not state BET. uptake_type unspecified (no excess/absolute in text). Pore volume below 0.7 nm is V_DR(CO2) from Table 1, Dubinin-Radushkevitch applied to CO2 adsorption at 273 K, P/P0 < 0.03. Surface area is the paper's TSA column, footnoted 'total surface area'; the paper never states a BET determination, so surface_area_method is unspecified and extraction_confidence is 4 rather than 5.",AG,2026-07-06,,,HYC-0005-M3,,unspecified,0.39,exact,false,false,isothermal,,,,,,,
HYC-0005,10.1016/j.carbon.2004.05.018,Texier-Mandoki,2004,Carbon,Hydrogen storage in activated carbon materials: Role of the nanoporous texture,S1,activated_carbon,"Carbon C, activated carbon in development",commercial,,,,,,1040,,0.45,0.48,,77,10,2.6,,unspecified,volumetric_sieverts,,Table 1,table_direct,4,B,"bet_surface_area_m2_g holds paper's ""total surface area"" (N2 77 K); paper does not state BET. uptake_type unspecified (no excess/absolute in text). Pore volume below 0.7 nm is V_DR(CO2) from Table 1, Dubinin-Radushkevitch applied to CO2 adsorption at 273 K, P/P0 < 0.03. Surface area is the paper's TSA column, footnoted 'total surface area'; the paper never states a BET determination, so surface_area_method is unspecified and extraction_confidence is 4 rather than 5.",AG,2026-07-06,,,HYC-0005-M4,,unspecified,0.39,exact,false,false,isothermal,,,,,,,
HYC-0005,10.1016/j.carbon.2004.05.018,Texier-Mandoki,2004,Carbon,Hydrogen storage in activated carbon materials: Role of the nanoporous texture,S2,activated_carbon,"JM1, graphite powder (Johnson Matthey)",commercial,,,,,,890,,0.37,0.65,,77,1,1.2,,unspecified,volumetric_sieverts,,Table 1,table_direct,4,B,"bet_surface_area_m2_g holds paper's ""total surface area"" (N2 77 K); paper does not state BET. uptake_type unspecified (no excess/absolute in text). Pore volume below 0.7 nm is V_DR(CO2) from Table 1, Dubinin-Radushkevitch applied to CO2 adsorption at 273 K, P/P0 < 0.03. Surface area is the paper's TSA column, footnoted 'total surface area'; the paper never states a BET determination, so surface_area_method is unspecified and extraction_confidence is 4 rather than 5.",AG,2026-07-06,,,HYC-0005-M5,,unspecified,0.31,exact,false,false,isothermal,,,,,,,
HYC-0005,10.1016/j.carbon.2004.05.018,Texier-Mandoki,2004,Carbon,Hydrogen storage in activated carbon materials: Role of the nanoporous texture,S2,activated_carbon,"JM1, graphite powder (Johnson Matthey)",commercial,,,,,,890,,0.37,0.65,,77,7,1.9,,unspecified,volumetric_sieverts,,Table 1,table_direct,4,B,"bet_surface_area_m2_g holds paper's ""total surface area"" (N2 77 K); paper does not state BET. uptake_type unspecified (no excess/absolute in text). Pore volume below 0.7 nm is V_DR(CO2) from Table 1, Dubinin-Radushkevitch applied to CO2 adsorption at 273 K, P/P0 < 0.03. Surface area is the paper's TSA column, footnoted 'total surface area'; the paper never states a BET determination, so surface_area_method is unspecified and extraction_confidence is 4 rather than 5.",AG,2026-07-06,,,HYC-0005-M6,,unspecified,0.31,exact,false,false,isothermal,,,,,,,
HYC-0005,10.1016/j.carbon.2004.05.018,Texier-Mandoki,2004,Carbon,Hydrogen storage in activated carbon materials: Role of the nanoporous texture,S2,activated_carbon,"JM1, graphite powder (Johnson Matthey)",commercial,,,,,,890,,0.37,0.65,,77,10,1.9,,unspecified,volumetric_sieverts,,Table 1,table_direct,4,B,"bet_surface_area_m2_g holds paper's ""total surface area"" (N2 77 K); paper does not state BET. uptake_type unspecified (no excess/absolute in text). Pore volume below 0.7 nm is V_DR(CO2) from Table 1, Dubinin-Radushkevitch applied to CO2 adsorption at 273 K, P/P0 < 0.03. Surface area is the paper's TSA column, footnoted 'total surface area'; the paper never states a BET determination, so surface_area_method is unspecified and extraction_confidence is 4 rather than 5.",AG,2026-07-06,,,HYC-0005-M7,,unspecified,0.31,exact,false,false,isothermal,,,,,,,
HYC-0005,10.1016/j.carbon.2004.05.018,Texier-Mandoki,2004,Carbon,Hydrogen storage in activated carbon materials: Role of the nanoporous texture,S3,activated_carbon,Norit R0.8 activated carbon,commercial,,,,,,1320,,0.54,0.65,,77,1,1.6,,unspecified,volumetric_sieverts,,Table 1,table_direct,4,B,"bet_surface_area_m2_g holds paper's ""total surface area"" (N2 77 K); paper does not state BET. uptake_type unspecified (no excess/absolute in text). Pore volume below 0.7 nm is V_DR(CO2) from Table 1, Dubinin-Radushkevitch applied to CO2 adsorption at 273 K, P/P0 < 0.03. Surface area is the paper's TSA column, footnoted 'total surface area'; the paper never states a BET determination, so surface_area_method is unspecified and extraction_confidence is 4 rather than 5.",AG,2026-07-06,,,HYC-0005-M8,,unspecified,0.33,exact,false,false,isothermal,,,,,,,
HYC-0005,10.1016/j.carbon.2004.05.018,Texier-Mandoki,2004,Carbon,Hydrogen storage in activated carbon materials: Role of the nanoporous texture,S3,activated_carbon,Norit R0.8 activated carbon,commercial,,,,,,1320,,0.54,0.65,,77,10,2.6,,unspecified,volumetric_sieverts,,Table 1,table_direct,4,B,"bet_surface_area_m2_g holds paper's ""total surface area"" (N2 77 K); paper does not state BET. uptake_type unspecified (no excess/absolute in text). Pore volume below 0.7 nm is V_DR(CO2) from Table 1, Dubinin-Radushkevitch applied to CO2 adsorption at 273 K, P/P0 < 0.03. Surface area is the paper's TSA column, footnoted 'total surface area'; the paper never states a BET determination, so surface_area_method is unspecified and extraction_confidence is 4 rather than 5.",AG,2026-07-06,,,HYC-0005-M9,,unspecified,0.33,exact,false,false,isothermal,,,,,,,
HYC-0005,10.1016/j.carbon.2004.05.018,Texier-Mandoki,2004,Carbon,Hydrogen storage in activated carbon materials: Role of the nanoporous texture,S4,activated_carbon,PICACTIF SC activated carbon (PICA),commercial,,,,,,1700,,0.7,1.04,,77,1,1.9,,unspecified,volumetric_sieverts,,Table 1,table_direct,4,B,"bet_surface_area_m2_g holds paper's ""total surface area"" (N2 77 K); paper does not state BET. uptake_type unspecified (no excess/absolute in text). Pore volume below 0.7 nm is V_DR(CO2) from Table 1, Dubinin-Radushkevitch applied to CO2 adsorption at 273 K, P/P0 < 0.03. Surface area is the paper's TSA column, footnoted 'total surface area'; the paper never states a BET determination, so surface_area_method is unspecified and extraction_confidence is 4 rather than 5.",AG,2026-07-06,,,HYC-0005-M10,,unspecified,0.37,exact,false,false,isothermal,,,,,,,
HYC-0005,10.1016/j.carbon.2004.05.018,Texier-Mandoki,2004,Carbon,Hydrogen storage in activated carbon materials: Role of the nanoporous texture,S4,activated_carbon,PICACTIF SC activated carbon (PICA),commercial,,,,,,1700,,0.7,1.04,,77,3,2.4,,unspecified,volumetric_sieverts,,Table 1,table_direct,4,B,"bet_surface_area_m2_g holds paper's ""total surface area"" (N2 77 K); paper does not state BET. uptake_type unspecified (no excess/absolute in text). Pore volume below 0.7 nm is V_DR(CO2) from Table 1, Dubinin-Radushkevitch applied to CO2 adsorption at 273 K, P/P0 < 0.03. Surface area is the paper's TSA column, footnoted 'total surface area'; the paper never states a BET determination, so surface_area_method is unspecified and extraction_confidence is 4 rather than 5.",AG,2026-07-06,,,HYC-0005-M11,,unspecified,0.37,exact,false,false,isothermal,,,,,,,
HYC-0005,10.1016/j.carbon.2004.05.018,Texier-Mandoki,2004,Carbon,Hydrogen storage in activated carbon materials: Role of the nanoporous texture,S4,activated_carbon,PICACTIF SC activated carbon (PICA),commercial,,,,,,1700,,0.7,1.04,,77,7,3.0,,unspecified,volumetric_sieverts,,Table 1,table_direct,4,B,"bet_surface_area_m2_g holds paper's ""total surface area"" (N2 77 K); paper does not state BET. uptake_type unspecified (no excess/absolute in text). Pore volume below 0.7 nm is V_DR(CO2) from Table 1, Dubinin-Radushkevitch applied to CO2 adsorption at 273 K, P/P0 < 0.03. Surface area is the paper's TSA column, footnoted 'total surface area'; the paper never states a BET determination, so surface_area_method is unspecified and extraction_confidence is 4 rather than 5.",AG,2026-07-06,,,HYC-0005-M12,,unspecified,0.37,exact,false,false,isothermal,,,,,,,
HYC-0005,10.1016/j.carbon.2004.05.018,Texier-Mandoki,2004,Carbon,Hydrogen storage in activated carbon materials: Role of the nanoporous texture,S4,activated_carbon,PICACTIF SC activated carbon (PICA),commercial,,,,,,1700,,0.7,1.04,,77,10,3.0,,unspecified,volumetric_sieverts,,Table 1,table_direct,4,B,"bet_surface_area_m2_g holds paper's ""total surface area"" (N2 77 K); paper does not state BET. uptake_type unspecified (no excess/absolute in text). Pore volume below 0.7 nm is V_DR(CO2) from Table 1, Dubinin-Radushkevitch applied to CO2 adsorption at 273 K, P/P0 < 0.03. Surface area is the paper's TSA column, footnoted 'total surface area'; the paper never states a BET determination, so surface_area_method is unspecified and extraction_confidence is 4 rather than 5.",AG,2026-07-06,,,HYC-0005-M13,,unspecified,0.37,exact,false,false,isothermal,,,,,,,
HYC-0005,10.1016/j.carbon.2004.05.018,Texier-Mandoki,2004,Carbon,Hydrogen storage in activated carbon materials: Role of the nanoporous texture,S5,activated_carbon,"Carbon A, activated carbon in development",commercial,,,,,,2330,,1.0,1.1,,77,1,2.3,,unspecified,volumetric_sieverts,,Table 1,table_direct,4,B,"bet_surface_area_m2_g holds paper's ""total surface area"" (N2 77 K); paper does not state BET. uptake_type unspecified (no excess/absolute in text). Pore volume below 0.7 nm is V_DR(CO2) from Table 1, Dubinin-Radushkevitch applied to CO2 adsorption at 273 K, P/P0 < 0.03. Surface area is the paper's TSA column, footnoted 'total surface area'; the paper never states a BET determination, so surface_area_method is unspecified and extraction_confidence is 4 rather than 5.",AG,2026-07-06,,,HYC-0005-M14,,unspecified,0.52,exact,false,false,isothermal,,,,,,,
HYC-0005,10.1016/j.carbon.2004.05.018,Texier-Mandoki,2004,Carbon,Hydrogen storage in activated carbon materials: Role of the nanoporous texture,S5,activated_carbon,"Carbon A, activated carbon in development",commercial,,,,,,2330,,1.0,1.1,,77,3,3.1,,unspecified,volumetric_sieverts,,Table 1,table_direct,4,B,"bet_surface_area_m2_g holds paper's ""total surface area"" (N2 77 K); paper does not state BET. uptake_type unspecified (no excess/absolute in text). Pore volume below 0.7 nm is V_DR(CO2) from Table 1, Dubinin-Radushkevitch applied to CO2 adsorption at 273 K, P/P0 < 0.03. Surface area is the paper's TSA column, footnoted 'total surface area'; the paper never states a BET determination, so surface_area_method is unspecified and extraction_confidence is 4 rather than 5.",AG,2026-07-06,,,HYC-0005-M15,,unspecified,0.52,exact,false,false,isothermal,,,,,,,
HYC-0005,10.1016/j.carbon.2004.05.018,Texier-Mandoki,2004,Carbon,Hydrogen storage in activated carbon materials: Role of the nanoporous texture,S5,activated_carbon,"Carbon A, activated carbon in development",commercial,,,,,,2330,,1.0,1.1,,77,7,3.7,,unspecified,volumetric_sieverts,,Table 1,table_direct,4,B,"bet_surface_area_m2_g holds paper's ""total surface area"" (N2 77 K); paper does not state BET. uptake_type unspecified (no excess/absolute in text). Pore volume below 0.7 nm is V_DR(CO2) from Table 1, Dubinin-Radushkevitch applied to CO2 adsorption at 273 K, P/P0 < 0.03. Surface area is the paper's TSA column, footnoted 'total surface area'; the paper never states a BET determination, so surface_area_method is unspecified and extraction_confidence is 4 rather than 5.",AG,2026-07-06,,,HYC-0005-M16,,unspecified,0.52,exact,false,false,isothermal,,,,,,,
HYC-0005,10.1016/j.carbon.2004.05.018,Texier-Mandoki,2004,Carbon,Hydrogen storage in activated carbon materials: Role of the nanoporous texture,S5,activated_carbon,"Carbon A, activated carbon in development",commercial,,,,,,2330,,1.0,1.1,,77,10,3.7,,unspecified,volumetric_sieverts,,Table 1,table_direct,4,B,"bet_surface_area_m2_g holds paper's ""total surface area"" (N2 77 K); paper does not state BET. uptake_type unspecified (no excess/absolute in text). Pore volume below 0.7 nm is V_DR(CO2) from Table 1, Dubinin-Radushkevitch applied to CO2 adsorption at 273 K, P/P0 < 0.03. Surface area is the paper's TSA column, footnoted 'total surface area'; the paper never states a BET determination, so surface_area_method is unspecified and extraction_confidence is 4 rather than 5.",AG,2026-07-06,,,HYC-0005-M17,,unspecified,0.52,exact,false,false,isothermal,,,,,,,
HYC-0005,10.1016/j.carbon.2004.05.018,Texier-Mandoki,2004,Carbon,Hydrogen storage in activated carbon materials: Role of the nanoporous texture,S6,activated_carbon,Anderson AX-21 activated carbon,commercial,,,,,,2421,,1.03,1.14,,77,1,2.4,,unspecified,volumetric_sieverts,,Table 1,table_direct,4,B,"bet_surface_area_m2_g holds paper's ""total surface area"" (N2 77 K); paper does not state BET. uptake_type unspecified (no excess/absolute in text). Pore volume below 0.7 nm is V_DR(CO2) from Table 1, Dubinin-Radushkevitch applied to CO2 adsorption at 273 K, P/P0 < 0.03. Surface area is the paper's TSA column, footnoted 'total surface area'; the paper never states a BET determination, so surface_area_method is unspecified and extraction_confidence is 4 rather than 5.",AG,2026-07-06,,,HYC-0005-M18,,unspecified,0.56,exact,false,false,isothermal,,,,,,,
HYC-0005,10.1016/j.carbon.2004.05.018,Texier-Mandoki,2004,Carbon,Hydrogen storage in activated carbon materials: Role of the nanoporous texture,S6,activated_carbon,Anderson AX-21 activated carbon,commercial,,,,,,2421,,1.03,1.14,,77,3,3.2,,unspecified,volumetric_sieverts,,Table 1,table_direct,4,B,"bet_surface_area_m2_g holds paper's ""total surface area"" (N2 77 K); paper does not state BET. uptake_type unspecified (no excess/absolute in text). Pore volume below 0.7 nm is V_DR(CO2) from Table 1, Dubinin-Radushkevitch applied to CO2 adsorption at 273 K, P/P0 < 0.03. Surface area is the paper's TSA column, footnoted 'total surface area'; the paper never states a BET determination, so surface_area_method is unspecified and extraction_confidence is 4 rather than 5.",AG,2026-07-06,,,HYC-0005-M19,,unspecified,0.56,exact,false,false,isothermal,,,,,,,
HYC-0005,10.1016/j.carbon.2004.05.018,Texier-Mandoki,2004,Carbon,Hydrogen storage in activated carbon materials: Role of the nanoporous texture,S6,activated_carbon,Anderson AX-21 activated carbon,commercial,,,,,,2421,,1.03,1.14,,77,7,3.8,,unspecified,volumetric_sieverts,,Table 1,table_direct,4,B,"bet_surface_area_m2_g holds paper's ""total surface area"" (N2 77 K); paper does not state BET. uptake_type unspecified (no excess/absolute in text). Pore volume below 0.7 nm is V_DR(CO2) from Table 1, Dubinin-Radushkevitch applied to CO2 adsorption at 273 K, P/P0 < 0.03. Surface area is the paper's TSA column, footnoted 'total surface area'; the paper never states a BET determination, so surface_area_method is unspecified and extraction_confidence is 4 rather than 5.",AG,2026-07-06,,,HYC-0005-M20,,unspecified,0.56,exact,false,false,isothermal,,,,,,,
HYC-0005,10.1016/j.carbon.2004.05.018,Texier-Mandoki,2004,Carbon,Hydrogen storage in activated carbon materials: Role of the nanoporous texture,S6,activated_carbon,Anderson AX-21 activated carbon,commercial,,,,,,2421,,1.03,1.14,,77,10,4.0,,unspecified,volumetric_sieverts,,Table 1,table_direct,4,B,"bet_surface_area_m2_g holds paper's ""total surface area"" (N2 77 K); paper does not state BET. uptake_type unspecified (no excess/absolute in text). Pore volume below 0.7 nm is V_DR(CO2) from Table 1, Dubinin-Radushkevitch applied to CO2 adsorption at 273 K, P/P0 < 0.03. Surface area is the paper's TSA column, footnoted 'total surface area'; the paper never states a BET determination, so surface_area_method is unspecified and extraction_confidence is 4 rather than 5.",AG,2026-07-06,,,HYC-0005-M21,,unspecified,0.56,exact,false,false,isothermal,,,,,,,
HYC-0005,10.1016/j.carbon.2004.05.018,Texier-Mandoki,2004,Carbon,Hydrogen storage in activated carbon materials: Role of the nanoporous texture,S7,activated_carbon,"Carbon B, activated carbon in development",commercial,,,,,,3000,,1.3,1.6,,77,1,2.5,,unspecified,volumetric_sieverts,,Table 1,table_direct,4,B,"bet_surface_area_m2_g holds paper's ""total surface area"" (N2 77 K); paper does not state BET. uptake_type unspecified (no excess/absolute in text). Pore volume below 0.7 nm is V_DR(CO2) from Table 1, Dubinin-Radushkevitch applied to CO2 adsorption at 273 K, P/P0 < 0.03. Surface area is the paper's TSA column, footnoted 'total surface area'; the paper never states a BET determination, so surface_area_method is unspecified and extraction_confidence is 4 rather than 5.",AG,2026-07-06,,,HYC-0005-M22,,unspecified,0.60,exact,false,false,isothermal,,,,,,,
HYC-0005,10.1016/j.carbon.2004.05.018,Texier-Mandoki,2004,Carbon,Hydrogen storage in activated carbon materials: Role of the nanoporous texture,S7,activated_carbon,"Carbon B, activated carbon in development",commercial,,,,,,3000,,1.3,1.6,,77,3,3.4,,unspecified,volumetric_sieverts,,Table 1,table_direct,4,B,"bet_surface_area_m2_g holds paper's ""total surface area"" (N2 77 K); paper does not state BET. uptake_type unspecified (no excess/absolute in text). Pore volume below 0.7 nm is V_DR(CO2) from Table 1, Dubinin-Radushkevitch applied to CO2 adsorption at 273 K, P/P0 < 0.03. Surface area is the paper's TSA column, footnoted 'total surface area'; the paper never states a BET determination, so surface_area_method is unspecified and extraction_confidence is 4 rather than 5.",AG,2026-07-06,,,HYC-0005-M23,,unspecified,0.60,exact,false,false,isothermal,,,,,,,
HYC-0005,10.1016/j.carbon.2004.05.018,Texier-Mandoki,2004,Carbon,Hydrogen storage in activated carbon materials: Role of the nanoporous texture,S7,activated_carbon,"Carbon B, activated carbon in development",commercial,,,,,,3000,,1.3,1.6,,77,7,4.2,,unspecified,volumetric_sieverts,,Table 1,table_direct,4,B,"bet_surface_area_m2_g holds paper's ""total surface area"" (N2 77 K); paper does not state BET. uptake_type unspecified (no excess/absolute in text). Pore volume below 0.7 nm is V_DR(CO2) from Table 1, Dubinin-Radushkevitch applied to CO2 adsorption at 273 K, P/P0 < 0.03. Surface area is the paper's TSA column, footnoted 'total surface area'; the paper never states a BET determination, so surface_area_method is unspecified and extraction_confidence is 4 rather than 5.",AG,2026-07-06,,,HYC-0005-M24,,unspecified,0.60,exact,false,false,isothermal,,,,,,,
HYC-0005,10.1016/j.carbon.2004.05.018,Texier-Mandoki,2004,Carbon,Hydrogen storage in activated carbon materials: Role of the nanoporous texture,S7,activated_carbon,"Carbon B, activated carbon in development",commercial,,,,,,3000,,1.3,1.6,,77,10,4.5,,unspecified,volumetric_sieverts,,Table 1,table_direct,4,B,"bet_surface_area_m2_g holds paper's ""total surface area"" (N2 77 K); paper does not state BET. uptake_type unspecified (no excess/absolute in text). Pore volume below 0.7 nm is V_DR(CO2) from Table 1, Dubinin-Radushkevitch applied to CO2 adsorption at 273 K, P/P0 < 0.03. Surface area is the paper's TSA column, footnoted 'total surface area'; the paper never states a BET determination, so surface_area_method is unspecified and extraction_confidence is 4 rather than 5.",AG,2026-07-06,,,HYC-0005-M25,,unspecified,0.60,exact,false,false,isothermal,,,,,,,
HYC-0002,10.1126/science.286.5442.1127,Liu,1999,Science,Hydrogen Storage in Single-Walled Carbon Nanotubes at Room Temperature,S1,SWCNT,"single-walled carbon nanotubes (SWCNT), as-synthesized (arc discharge)",arc_discharge,,,,,,,,,,,298,100,2.4,,unspecified,volumetric_sieverts,,Table 1,table_direct,5,D,"Tier D (human override): 298 K room-temperature uptake above the ~1 wt% physisorption bound with no reported surface area; discredited-class claim per reproducibility rubric physics clause. No BET or surface area reported in paper (SWCNT ~50-60 wt% purity, diameter 1.85 nm). Pressure recorded as 100 bar (abstract ""about 10 MPa""; Table 1 states 100-120 atm). uptake_type unspecified (no excess/absolute in text).",AG,2026-07-06,,,HYC-0002-M1,,unspecified,,exact,false,false,isothermal,,,,,,,
HYC-0002,10.1126/science.286.5442.1127,Liu,1999,Science,Hydrogen Storage in Single-Walled Carbon Nanotubes at Room Temperature,S2,SWCNT,"single-walled carbon nanotubes (SWCNT), HCl-soaked",arc_discharge,"37% HCl, 48 h, rinsed, dried 423 K",,,,,,,,,,298,100,2.8,,unspecified,volumetric_sieverts,,Table 1,table_direct,5,D,"Tier D (human override): 298 K room-temperature uptake above the ~1 wt% physisorption bound with no reported surface area; discredited-class claim per reproducibility rubric physics clause. No BET or surface area reported in paper (SWCNT ~50-60 wt% purity, diameter 1.85 nm). Pressure recorded as 100 bar (abstract ""about 10 MPa""; Table 1 states 100-120 atm). uptake_type unspecified (no excess/absolute in text).",AG,2026-07-06,,,HYC-0002-M2,,unspecified,,exact,false,false,isothermal,,,,,,,
HYC-0002,10.1126/science.286.5442.1127,Liu,1999,Science,Hydrogen Storage in Single-Walled Carbon Nanotubes at Room Temperature,S3,SWCNT,"single-walled carbon nanotubes (SWCNT), HCl-soaked + vacuum heat-treated",arc_discharge,"37% HCl 48 h; then vacuum 773 K, 2 h",,,,,,,,,,298,100,4.2,,unspecified,volumetric_sieverts,,Table 1,table_direct,5,D,"Tier D (human override): 298 K room-temperature uptake above the ~1 wt% physisorption bound with no reported surface area; discredited-class claim per reproducibility rubric physics clause. No BET or surface area reported in paper (SWCNT ~50-60 wt% purity, diameter 1.85 nm). Pressure recorded as 100 bar (abstract ""about 10 MPa""; Table 1 states 100-120 atm). uptake_type unspecified (no excess/absolute in text).",AG,2026-07-06,,,HYC-0002-M3,,unspecified,,exact,false,false,isothermal,,,,,,,
HYC-0020,10.1016/j.fuel.2024.130975,Serafin,2024,Fuel,Medium-pressure hydrogen storage on activated carbon derived from biomass conversion,S2,activated_carbon,"G-800, KOH-activated fern biomass AC, carbonized 800 C",carbonization,,"KOH activation (KOH/biomass 1:1), pyrolysis 700-900 C",,,,1591,,0.82,0.90,,298,45,2.73,13.63,unspecified,volumetric_sieverts,,Conclusions; Table 3,text_direct,5,B,uptake_type unspecified (no excess/absolute in text),AG,2026-07-06,,,HYC-0020-M1,,BET,,exact,false,false,isothermal,,,,,,,
HYC-0020,10.1016/j.fuel.2024.130975,Serafin,2024,Fuel,Medium-pressure hydrogen storage on activated carbon derived from biomass conversion,S2,activated_carbon,"G-800, KOH-activated fern biomass AC, carbonized 800 C",carbonization,,"KOH activation (KOH/biomass 1:1), pyrolysis 700-900 C",,,,1591,,0.82,0.90,,313,45,1.92,9.61,unspecified,volumetric_sieverts,,Conclusions; Table 3,text_direct,5,B,uptake_type unspecified (no excess/absolute in text),AG,2026-07-06,,,HYC-0020-M2,,BET,,exact,false,false,isothermal,,,,,,,
HYC-0020,10.1016/j.fuel.2024.130975,Serafin,2024,Fuel,Medium-pressure hydrogen storage on activated carbon derived from biomass conversion,S2,activated_carbon,"G-800, KOH-activated fern biomass AC, carbonized 800 C",carbonization,,"KOH activation (KOH/biomass 1:1), pyrolysis 700-900 C",,,,1591,,0.82,0.90,,333,45,1.302,6.51,unspecified,volumetric_sieverts,,Conclusions; Table 3,text_direct,5,B,uptake_type unspecified (no excess/absolute in text),AG,2026-07-06,,,HYC-0020-M3,,BET,,exact,false,false,isothermal,,,,,,,
HYC-0020,10.1016/j.fuel.2024.130975,Serafin,2024,Fuel,Medium-pressure hydrogen storage on activated carbon derived from biomass conversion,S2,activated_carbon,"G-800, KOH-activated fern biomass AC, carbonized 800 C",carbonization,,"KOH activation (KOH/biomass 1:1), pyrolysis 700-900 C",,,,1591,,0.82,0.90,,353,45,1.186,5.93,unspecified,volumetric_sieverts,,Conclusions; Table 3,text_direct,5,B,uptake_type unspecified (no excess/absolute in text),AG,2026-07-06,,,HYC-0020-M4,,BET,,exact,false,false,isothermal,,,,,,,
HYC-0020,10.1016/j.fuel.2024.130975,Serafin,2024,Fuel,Medium-pressure hydrogen storage on activated carbon derived from biomass conversion,S2,activated_carbon,"G-800, KOH-activated fern biomass AC, carbonized 800 C",carbonization,,"KOH activation (KOH/biomass 1:1), pyrolysis 700-900 C",,,,1591,,0.82,0.90,,373,45,0.904,4.52,unspecified,volumetric_sieverts,,Conclusions; Table 3,text_direct,5,B,uptake_type unspecified (no excess/absolute in text),AG,2026-07-06,,,HYC-0020-M5,,BET,,exact,false,false,isothermal,,,,,,,
HYC-0020,10.1016/j.fuel.2024.130975,Serafin,2024,Fuel,Medium-pressure hydrogen storage on activated carbon derived from biomass conversion,S1,activated_carbon,"G-700, KOH-activated fern biomass AC, carbonized 700 C",carbonization,,"KOH activation (KOH/biomass 1:1), pyrolysis 700-900 C",,,,1426,,0.55,0.60,,298,45,,10.09,unspecified,volumetric_sieverts,,Section 3.2; Table 3,text_direct,5,B,wt% not reported in paper; uptake_type unspecified (no excess/absolute in text),AG,2026-07-06,,,HYC-0020-M6,,BET,,exact,false,false,isothermal,,,,,,,
HYC-0020,10.1016/j.fuel.2024.130975,Serafin,2024,Fuel,Medium-pressure hydrogen storage on activated carbon derived from biomass conversion,S3,activated_carbon,"G-900, KOH-activated fern biomass AC, carbonized 900 C",carbonization,,"KOH activation (KOH/biomass 1:1), pyrolysis 700-900 C",,,,1234,,0.52,0.57,,298,45,,8.23,unspecified,volumetric_sieverts,,Section 3.2; Table 3,text_direct,5,B,wt% not reported in paper; uptake_type unspecified (no excess/absolute in text),AG,2026-07-06,,,HYC-0020-M7,,BET,,exact,false,false,isothermal,,,,,,,
HYC-0023,10.1016/j.ijhydene.2009.05.073,Gogotsi,2009,International Journal of Hydrogen Energy,Importance of pore size in high-pressure hydrogen storage by porous carbons,HYC-0023-S1,carbide_derived_carbon,"TiC-derived CDC, chlorinated at 400 C, H2 annealed",carbide_chlorination,H2 annealing at 600 C for 2 h under hydrogen flow to remove residual chlorine,,,,,1143,,,0.5,0.65,77.0,60.0,3.3,,excess,volumetric_sieverts,,"Table 1, row 1",table_direct,5,A,"Uptake type assigned excess per Fig. 3 caption (p.6317) and Section 2.3 (p.6316); table headers say only ""Hydrogen uptake"". Pore volume mapped to total_pore_volume per Fig. 3b axis label. synthesis_method=other because carbide chlorination is not in the controlled vocabulary.",AG,2026-08-30,,,HYC-0023-M1,,BET,,exact,false,false,isothermal,,,,,,,
HYC-0023,10.1016/j.ijhydene.2009.05.073,Gogotsi,2009,International Journal of Hydrogen Energy,Importance of pore size in high-pressure hydrogen storage by porous carbons,HYC-0023-S2,carbide_derived_carbon,"TiC-derived CDC, chlorinated at 500 C, H2 annealed",carbide_chlorination,H2 annealing at 600 C for 2 h under hydrogen flow to remove residual chlorine,,,,,1150,,,0.48,0.68,77.0,60.0,3.3,,excess,volumetric_sieverts,,"Table 1, row 2",table_direct,5,A,"Uptake type assigned excess per Fig. 3 caption (p.6317) and Section 2.3 (p.6316); table headers say only ""Hydrogen uptake"". Pore volume mapped to total_pore_volume per Fig. 3b axis label. synthesis_method=other because carbide chlorination is not in the controlled vocabulary.",AG,2026-08-30,,,HYC-0023-M2,,BET,,exact,false,false,isothermal,,,,,,,
HYC-0023,10.1016/j.ijhydene.2009.05.073,Gogotsi,2009,International Journal of Hydrogen Energy,Importance of pore size in high-pressure hydrogen storage by porous carbons,HYC-0023-S3,carbide_derived_carbon,"TiC-derived CDC, chlorinated at 600 C, H2 annealed",carbide_chlorination,H2 annealing at 600 C for 2 h under hydrogen flow to remove residual chlorine,,,,,1247,,,0.53,0.73,77.0,60.0,3.1,,excess,volumetric_sieverts,,"Table 1, row 3",table_direct,5,A,"Uptake type assigned excess per Fig. 3 caption (p.6317) and Section 2.3 (p.6316); table headers say only ""Hydrogen uptake"". Pore volume mapped to total_pore_volume per Fig. 3b axis label. synthesis_method=other because carbide chlorination is not in the controlled vocabulary.",AG,2026-08-30,,,HYC-0023-M3,,BET,,exact,false,false,isothermal,,,,,,,
HYC-0023,10.1016/j.ijhydene.2009.05.073,Gogotsi,2009,International Journal of Hydrogen Energy,Importance of pore size in high-pressure hydrogen storage by porous carbons,HYC-0023-S4,carbide_derived_carbon,"TiC-derived CDC, chlorinated at 800 C, H2 annealed",carbide_chlorination,H2 annealing at 600 C for 2 h under hydrogen flow to remove residual chlorine,,,,,1521,,,0.56,0.8,77.0,60.0,3.5,,excess,volumetric_sieverts,,"Table 1, row 4",table_direct,5,A,"Uptake type assigned excess per Fig. 3 caption (p.6317) and Section 2.3 (p.6316); table headers say only ""Hydrogen uptake"". Pore volume mapped to total_pore_volume per Fig. 3b axis label. synthesis_method=other because carbide chlorination is not in the controlled vocabulary.",AG,2026-08-30,,,HYC-0023-M4,,BET,,exact,false,false,isothermal,,,,,,,
HYC-0023,10.1016/j.ijhydene.2009.05.073,Gogotsi,2009,International Journal of Hydrogen Energy,Importance of pore size in high-pressure hydrogen storage by porous carbons,HYC-0023-S5,carbide_derived_carbon,"TiC-derived CDC, chlorinated at 1000 C, H2 annealed",carbide_chlorination,H2 annealing at 600 C for 2 h under hydrogen flow to remove residual chlorine,,,,,1358,,,0.62,1.1,77.0,60.0,2.9,,excess,volumetric_sieverts,,"Table 1, row 5",table_direct,5,A,"Uptake type assigned excess per Fig. 3 caption (p.6317) and Section 2.3 (p.6316); table headers say only ""Hydrogen uptake"". Pore volume mapped to total_pore_volume per Fig. 3b axis label. synthesis_method=other because carbide chlorination is not in the controlled vocabulary.",AG,2026-08-30,,,HYC-0023-M5,,BET,,exact,false,false,isothermal,,,,,,,
HYC-0023,10.1016/j.ijhydene.2009.05.073,Gogotsi,2009,International Journal of Hydrogen Energy,Importance of pore size in high-pressure hydrogen storage by porous carbons,HYC-0023-S6,carbide_derived_carbon,"TiC-derived CDC, chlorinated at 400 C, KOH activated",carbide_chlorination,H2 annealing at 600 C for 2 h under hydrogen flow to remove residual chlorine,"KOH activation, KOH/CDC 3:1 wt, 750 C, 1 h, N2 flow",,,,2228,,,0.9,1.2,77.0,60.0,4.5,,excess,volumetric_sieverts,,"Table 1, row 6",table_direct,5,A,"Uptake type assigned excess per Fig. 3 caption (p.6317) and Section 2.3 (p.6316); table headers say only ""Hydrogen uptake"". Pore volume mapped to total_pore_volume per Fig. 3b axis label. synthesis_method=other because carbide chlorination is not in the controlled vocabulary.",AG,2026-08-30,,,HYC-0023-M6,,BET,,exact,false,false,isothermal,,,,,,,
HYC-0023,10.1016/j.ijhydene.2009.05.073,Gogotsi,2009,International Journal of Hydrogen Energy,Importance of pore size in high-pressure hydrogen storage by porous carbons,HYC-0023-S7,carbide_derived_carbon,"TiC-derived CDC, chlorinated at 500 C, KOH activated",carbide_chlorination,H2 annealing at 600 C for 2 h under hydrogen flow to remove residual chlorine,"KOH activation, KOH/CDC 3:1 wt, 750 C, 1 h, N2 flow",,,,1991,,,0.93,1.2,77.0,60.0,4.5,,excess,volumetric_sieverts,,"Table 1, row 7",table_direct,5,A,"Uptake type assigned excess per Fig. 3 caption (p.6317) and Section 2.3 (p.6316); table headers say only ""Hydrogen uptake"". Pore volume mapped to total_pore_volume per Fig. 3b axis label. synthesis_method=other because carbide chlorination is not in the controlled vocabulary.",AG,2026-08-30,,,HYC-0023-M7,,BET,,exact,false,false,isothermal,,,,,,,
HYC-0023,10.1016/j.ijhydene.2009.05.073,Gogotsi,2009,International Journal of Hydrogen Energy,Importance of pore size in high-pressure hydrogen storage by porous carbons,HYC-0023-S8,carbide_derived_carbon,"TiC-derived CDC, chlorinated at 600 C, KOH activated",carbide_chlorination,H2 annealing at 600 C for 2 h under hydrogen flow to remove residual chlorine,"KOH activation, KOH/CDC 3:1 wt, 750 C, 1 h, N2 flow",,,,2307,,,0.95,1.1,77.0,60.0,4.2,,excess,volumetric_sieverts,,"Table 1, row 8",table_direct,5,A,"Uptake type assigned excess per Fig. 3 caption (p.6317) and Section 2.3 (p.6316); table headers say only ""Hydrogen uptake"". Pore volume mapped to total_pore_volume per Fig. 3b axis label. synthesis_method=other because carbide chlorination is not in the controlled vocabulary.",AG,2026-08-30,,,HYC-0023-M8,,BET,,exact,false,false,isothermal,,,,,,,
HYC-0023,10.1016/j.ijhydene.2009.05.073,Gogotsi,2009,International Journal of Hydrogen Energy,Importance of pore size in high-pressure hydrogen storage by porous carbons,HYC-0023-S9,carbide_derived_carbon,"TiC-derived CDC, chlorinated at 800 C, KOH activated",carbide_chlorination,H2 annealing at 600 C for 2 h under hydrogen flow to remove residual chlorine,"KOH activation, KOH/CDC 3:1 wt, 750 C, 1 h, N2 flow",,,,2471,,,1,1.17,77.0,60.0,4.3,,excess,volumetric_sieverts,,"Table 1, row 9",table_direct,5,A,"Uptake type assigned excess per Fig. 3 caption (p.6317) and Section 2.3 (p.6316); table headers say only ""Hydrogen uptake"". Pore volume mapped to total_pore_volume per Fig. 3b axis label. synthesis_method=other because carbide chlorination is not in the controlled vocabulary.",AG,2026-08-30,,,HYC-0023-M9,,BET,,exact,false,false,isothermal,,,,,,,
HYC-0023,10.1016/j.ijhydene.2009.05.073,Gogotsi,2009,International Journal of Hydrogen Energy,Importance of pore size in high-pressure hydrogen storage by porous carbons,HYC-0023-S10,carbide_derived_carbon,"TiC-derived CDC, chlorinated at 1000 C, KOH activated",carbide_chlorination,H2 annealing at 600 C for 2 h under hydrogen flow to remove residual chlorine,"KOH activation, KOH/CDC 3:1 wt, 750 C, 1 h, N2 flow",,,,1708,,,0.64,1.3,77.0,60.0,3.1,,excess,volumetric_sieverts,,"Table 1, row 10",table_direct,5,A,"Uptake type assigned excess per Fig. 3 caption (p.6317) and Section 2.3 (p.6316); table headers say only ""Hydrogen uptake"". Pore volume mapped to total_pore_volume per Fig. 3b axis label. synthesis_method=other because carbide chlorination is not in the controlled vocabulary.",AG,2026-08-30,,,HYC-0023-M10,,BET,,exact,false,false,isothermal,,,,,,,
HYC-0023,10.1016/j.ijhydene.2009.05.073,Gogotsi,2009,International Journal of Hydrogen Energy,Importance of pore size in high-pressure hydrogen storage by porous carbons,HYC-0023-S11,carbide_derived_carbon,"TiC-derived CDC, chlorinated at 600 C, CO2 activated",carbide_chlorination,H2 annealing at 600 C for 2 h under hydrogen flow to remove residual chlorine,"CO2 activation, 875 C, 2 h",,,,1721,,,0.69,0.8,77.0,60.0,3.7,,excess,volumetric_sieverts,,"Table 1, row 11",table_direct,5,A,"Uptake type assigned excess per Fig. 3 caption (p.6317) and Section 2.3 (p.6316); table headers say only ""Hydrogen uptake"". Pore volume mapped to total_pore_volume per Fig. 3b axis label. synthesis_method=other because carbide chlorination is not in the controlled vocabulary.",AG,2026-08-30,,,HYC-0023-M11,,BET,,exact,false,false,isothermal,,,,,,,
HYC-0023,10.1016/j.ijhydene.2009.05.073,Gogotsi,2009,International Journal of Hydrogen Energy,Importance of pore size in high-pressure hydrogen storage by porous carbons,HYC-0023-S12,carbide_derived_carbon,"TiC-derived CDC, chlorinated at 600 C, CO2 activated",carbide_chlorination,H2 annealing at 600 C for 2 h under hydrogen flow to remove residual chlorine,"CO2 activation, 875 C, 6 h",,,,2409,,,0.99,1.42,77.0,60.0,4.58,,excess,volumetric_sieverts,,"Table 1, row 12",table_direct,5,A,"Uptake type assigned excess per Fig. 3 caption (p.6317) and Section 2.3 (p.6316); table headers say only ""Hydrogen uptake"". Pore volume mapped to total_pore_volume per Fig. 3b axis label. synthesis_method=other because carbide chlorination is not in the controlled vocabulary.",AG,2026-08-30,,,HYC-0023-M12,,BET,,exact,false,false,isothermal,,,,,,,
HYC-0023,10.1016/j.ijhydene.2009.05.073,Gogotsi,2009,International Journal of Hydrogen Energy,Importance of pore size in high-pressure hydrogen storage by porous carbons,HYC-0023-S13,carbide_derived_carbon,"TiC-derived CDC, chlorinated at 600 C, CO2 activated",carbide_chlorination,H2 annealing at 600 C for 2 h under hydrogen flow to remove residual chlorine,"CO2 activation, 875 C, 8 h",,,,2643,,,1.05,1.49,77.0,60.0,4.62,,excess,volumetric_sieverts,,"Table 1, row 13",table_direct,5,A,"Uptake type assigned excess per Fig. 3 caption (p.6317) and Section 2.3 (p.6316); table headers say only ""Hydrogen uptake"". Pore volume mapped to total_pore_volume per Fig. 3b axis label. synthesis_method=other because carbide chlorination is not in the controlled vocabulary.",AG,2026-08-30,,,HYC-0023-M13,,BET,,exact,false,false,isothermal,,,,,,,
HYC-0023,10.1016/j.ijhydene.2009.05.073,Gogotsi,2009,International Journal of Hydrogen Energy,Importance of pore size in high-pressure hydrogen storage by porous carbons,HYC-0023-S14,carbide_derived_carbon,"TiC-derived CDC, chlorinated at 600 C, CO2 activated",carbide_chlorination,H2 annealing at 600 C for 2 h under hydrogen flow to remove residual chlorine,"CO2 activation, 900 C, 2 h",,,,1860,,,0.77,0.9,77.0,60.0,3.9,,excess,volumetric_sieverts,,"Table 1, row 14",table_direct,5,A,"Uptake type assigned excess per Fig. 3 caption (p.6317) and Section 2.3 (p.6316); table headers say only ""Hydrogen uptake"". Pore volume mapped to total_pore_volume per Fig. 3b axis label. synthesis_method=other because carbide chlorination is not in the controlled vocabulary.",AG,2026-08-30,,,HYC-0023-M14,,BET,,exact,false,false,isothermal,,,,,,,
HYC-0023,10.1016/j.ijhydene.2009.05.073,Gogotsi,2009,International Journal of Hydrogen Energy,Importance of pore size in high-pressure hydrogen storage by porous carbons,HYC-0023-S15,carbide_derived_carbon,"TiC-derived CDC, chlorinated at 600 C, CO2 activated",carbide_chlorination,H2 annealing at 600 C for 2 h under hydrogen flow to remove residual chlorine,"CO2 activation, 930 C, 2 h",,,,2409,,,1,1.46,77.0,60.0,4.5,,excess,volumetric_sieverts,,"Table 1, row 15",table_direct,5,A,"Uptake type assigned excess per Fig. 3 caption (p.6317) and Section 2.3 (p.6316); table headers say only ""Hydrogen uptake"". Pore volume mapped to total_pore_volume per Fig. 3b axis label. synthesis_method=other because carbide chlorination is not in the controlled vocabulary.",AG,2026-08-30,,,HYC-0023-M15,,BET,,exact,false,false,isothermal,,,,,,,
HYC-0023,10.1016/j.ijhydene.2009.05.073,Gogotsi,2009,International Journal of Hydrogen Energy,Importance of pore size in high-pressure hydrogen storage by porous carbons,HYC-0023-S16,carbide_derived_carbon,"TiC-derived CDC, chlorinated at 600 C, CO2 activated",carbide_chlorination,H2 annealing at 600 C for 2 h under hydrogen flow to remove residual chlorine,"CO2 activation, 950 C, 2 h",,,,3038,,,1.34,1.52,77.0,60.0,4.7,,excess,volumetric_sieverts,,"Table 1, row 16",table_direct,5,A,"Uptake type assigned excess per Fig. 3 caption (p.6317) and Section 2.3 (p.6316); table headers say only ""Hydrogen uptake"". Pore volume mapped to total_pore_volume per Fig. 3b axis label. synthesis_method=other because carbide chlorination is not in the controlled vocabulary.",AG,2026-08-30,,,HYC-0023-M16,,BET,,exact,false,false,isothermal,,,,,,,
HYC-0023,10.1016/j.ijhydene.2009.05.073,Gogotsi,2009,International Journal of Hydrogen Energy,Importance of pore size in high-pressure hydrogen storage by porous carbons,HYC-0023-S17,carbide_derived_carbon,"TiC-derived CDC, chlorinated at 600 C, CO2 activated",carbide_chlorination,H2 annealing at 600 C for 2 h under hydrogen flow to remove residual chlorine,"CO2 activation, 960 C, 1 h",,,,2072,,,0.86,1.2,77.0,60.0,4,,excess,volumetric_sieverts,,"Table 1, row 17",table_direct,5,A,"Uptake type assigned excess per Fig. 3 caption (p.6317) and Section 2.3 (p.6316); table headers say only ""Hydrogen uptake"". Pore volume mapped to total_pore_volume per Fig. 3b axis label. synthesis_method=other because carbide chlorination is not in the controlled vocabulary.",AG,2026-08-30,,,HYC-0023-M17,,BET,,exact,false,false,isothermal,,,,,,,
HYC-0023,10.1016/j.ijhydene.2009.05.073,Gogotsi,2009,International Journal of Hydrogen Energy,Importance of pore size in high-pressure hydrogen storage by porous carbons,HYC-0023-S18,carbide_derived_carbon,"Mo2C-derived CDC, chlorinated at 400 C, H2 annealed",carbide_chlorination,H2 annealing at 600 C for 2 h under hydrogen flow to remove residual chlorine,,,,,1481,,,0.65,0.9,77.0,60.0,2.63,,excess,volumetric_sieverts,,"Table 2, row 1",table_direct,5,A,"Uptake type assigned excess per Fig. 3 caption (p.6317) and Section 2.3 (p.6316); table headers say only ""Hydrogen uptake"". Pore volume mapped to total_pore_volume per Fig. 3b axis label. synthesis_method=other because carbide chlorination is not in the controlled vocabulary.",AG,2026-08-30,,,HYC-0023-M18,,BET,,exact,false,false,isothermal,,,,,,,
HYC-0023,10.1016/j.ijhydene.2009.05.073,Gogotsi,2009,International Journal of Hydrogen Energy,Importance of pore size in high-pressure hydrogen storage by porous carbons,HYC-0023-S19,carbide_derived_carbon,"Mo2C-derived CDC, chlorinated at 600 C, H2 annealed",carbide_chlorination,H2 annealing at 600 C for 2 h under hydrogen flow to remove residual chlorine,,,,,1980,,,1.05,1.06,77.0,60.0,4,,excess,volumetric_sieverts,,"Table 2, row 2",table_direct,5,A,"Uptake type assigned excess per Fig. 3 caption (p.6317) and Section 2.3 (p.6316); table headers say only ""Hydrogen uptake"". Pore volume mapped to total_pore_volume per Fig. 3b axis label. synthesis_method=other because carbide chlorination is not in the controlled vocabulary.",AG,2026-08-30,,,HYC-0023-M19,,BET,,exact,false,false,isothermal,,,,,,,
HYC-0023,10.1016/j.ijhydene.2009.05.073,Gogotsi,2009,International Journal of Hydrogen Energy,Importance of pore size in high-pressure hydrogen storage by porous carbons,HYC-0023-S20,carbide_derived_carbon,"Mo2C-derived CDC, chlorinated at 660 C, H2 annealed",carbide_chlorination,H2 annealing at 600 C for 2 h under hydrogen flow to remove residual chlorine,,,,,1875,,,1.14,1.1,77.0,60.0,4.35,,excess,volumetric_sieverts,,"Table 2, row 3",table_direct,5,A,"Uptake type assigned excess per Fig. 3 caption (p.6317) and Section 2.3 (p.6316); table headers say only ""Hydrogen uptake"". Pore volume mapped to total_pore_volume per Fig. 3b axis label. synthesis_method=other because carbide chlorination is not in the controlled vocabulary.",AG,2026-08-30,,,HYC-0023-M20,,BET,,exact,false,false,isothermal,,,,,,,
HYC-0023,10.1016/j.ijhydene.2009.05.073,Gogotsi,2009,International Journal of Hydrogen Energy,Importance of pore size in high-pressure hydrogen storage by porous carbons,HYC-0023-S21,carbide_derived_carbon,"Mo2C-derived CDC, chlorinated at 800 C, H2 annealed",carbide_chlorination,H2 annealing at 600 C for 2 h under hydrogen flow to remove residual chlorine,,,,,1298,,,1.08,1.25,77.0,60.0,3.6,,excess,volumetric_sieverts,,"Table 2, row 4",table_direct,5,A,"Uptake type assigned excess per Fig. 3 caption (p.6317) and Section 2.3 (p.6316); table headers say only ""Hydrogen uptake"". Pore volume mapped to total_pore_volume per Fig. 3b axis label. synthesis_method=other because carbide chlorination is not in the controlled vocabulary.",AG,2026-08-30,,,HYC-0023-M21,,BET,,exact,false,false,isothermal,,,,,,,
HYC-0023,10.1016/j.ijhydene.2009.05.073,Gogotsi,2009,International Journal of Hydrogen Energy,Importance of pore size in high-pressure hydrogen storage by porous carbons,HYC-0023-S22,carbide_derived_carbon,"SiC-derived CDC, particle size 0.6 um, chlorinated at 1000 C, H2 annealed",carbide_chlorination,H2 annealing at 600 C for 2 h under hydrogen flow to remove residual chlorine,,,,,1178,,,0.54,1,77.0,60.0,3.1,,excess,volumetric_sieverts,,"Table 2, row 5",table_direct,5,A,"Uptake type assigned excess per Fig. 3 caption (p.6317) and Section 2.3 (p.6316); table headers say only ""Hydrogen uptake"". Pore volume mapped to total_pore_volume per Fig. 3b axis label. synthesis_method=other because carbide chlorination is not in the controlled vocabulary.",AG,2026-08-30,,,HYC-0023-M22,,BET,,exact,false,false,isothermal,,,,,,,
HYC-0023,10.1016/j.ijhydene.2009.05.073,Gogotsi,2009,International Journal of Hydrogen Energy,Importance of pore size in high-pressure hydrogen storage by porous carbons,HYC-0023-S23,carbide_derived_carbon,"SiC-derived CDC, particle size 6 um, chlorinated at 1000 C, H2 annealed",carbide_chlorination,H2 annealing at 600 C for 2 h under hydrogen flow to remove residual chlorine,,,,,1155,,,0.48,0.8,77.0,60.0,3.07,,excess,volumetric_sieverts,,"Table 2, row 6",table_direct,5,A,"Uptake type assigned excess per Fig. 3 caption (p.6317) and Section 2.3 (p.6316); table headers say only ""Hydrogen uptake"". Pore volume mapped to total_pore_volume per Fig. 3b axis label. synthesis_method=other because carbide chlorination is not in the controlled vocabulary.",AG,2026-08-30,,,HYC-0023-M23,,BET,,exact,false,false,isothermal,,,,,,,
HYC-0016,10.1016/j.micromeso.2015.02.017,Klechikov,2015,Microporous and Mesoporous Materials,Hydrogen storage in bulk graphene-related materials,HYC-0016-S1,reduced_graphene_oxide,"Reduced graphene oxide, BET 310 m2/g",other,,none,,,,310,,,,,293,120.1,0.126,,unspecified,gravimetric_microbalance,0.02,Figure 3,figure_digitized,3,B,Endpoint digitized from Fig. 3 by extractor in WebPlotDigitizer; project file data/digitizations/HYC-0016_fig3.json. BET read from printed curve label. Paper never uses the words excess or absolute.,Avin Gupta,2026-08-30,,,HYC-0016-M1,,BET,,exact,false,false,isothermal,,,,,,,
HYC-0016,10.1016/j.micromeso.2015.02.017,Klechikov,2015,Microporous and Mesoporous Materials,Hydrogen storage in bulk graphene-related materials,HYC-0016-S2,reduced_graphene_oxide,"Reduced graphene oxide, BET 560 m2/g",other,,none,,,,560,,,,,293,120.1,0.254,,unspecified,gravimetric_microbalance,0.02,Figure 3,figure_digitized,3,B,Endpoint digitized from Fig. 3 by extractor in WebPlotDigitizer; project file data/digitizations/HYC-0016_fig3.json. BET read from printed curve label. Paper never uses the words excess or absolute.,Avin Gupta,2026-08-30,,,HYC-0016-M2,,BET,,exact,false,false,isothermal,,,,,,,
HYC-0016,10.1016/j.micromeso.2015.02.017,Klechikov,2015,Microporous and Mesoporous Materials,Hydrogen storage in bulk graphene-related materials,HYC-0016-S3,reduced_graphene_oxide,"Reduced graphene oxide, BET 1250 m2/g",other,,koh_activation,,,,1250,,,,,293,120.1,0.446,,unspecified,gravimetric_microbalance,0.02,Figure 3,figure_digitized,3,B,Endpoint digitized from Fig. 3 by extractor in WebPlotDigitizer; project file data/digitizations/HYC-0016_fig3.json. BET read from printed curve label. Paper never uses the words excess or absolute.,Avin Gupta,2026-08-30,,,HYC-0016-M3,,BET,,exact,false,false,isothermal,,,,,,,
HYC-0016,10.1016/j.micromeso.2015.02.017,Klechikov,2015,Microporous and Mesoporous Materials,Hydrogen storage in bulk graphene-related materials,HYC-0016-S4,reduced_graphene_oxide,"Reduced graphene oxide, BET 1740 m2/g",other,,koh_activation,,,,1740,,,,,293,119.7,0.574,,unspecified,gravimetric_microbalance,0.02,Figure 3,figure_digitized,3,B,Endpoint digitized from Fig. 3 by extractor in WebPlotDigitizer; project file data/digitizations/HYC-0016_fig3.json. BET read from printed curve label. Paper never uses the words excess or absolute.,Avin Gupta,2026-08-30,,,HYC-0016-M4,,BET,,exact,false,false,isothermal,,,,,,,
HYC-0016,10.1016/j.micromeso.2015.02.017,Klechikov,2015,Microporous and Mesoporous Materials,Hydrogen storage in bulk graphene-related materials,HYC-0016-S5,reduced_graphene_oxide,"Reduced graphene oxide, BET 1830 m2/g",other,,koh_activation,,,,1830,,,,,293,124.5,0.627,,unspecified,gravimetric_microbalance,0.02,Figure 3,figure_digitized,3,B,Endpoint digitized from Fig. 3 by extractor in WebPlotDigitizer; project file data/digitizations/HYC-0016_fig3.json. BET read from printed curve label. Paper never uses the words excess or absolute.,Avin Gupta,2026-08-30,,,HYC-0016-M5,,BET,,exact,false,false,isothermal,,,,,,,
HYC-0016,10.1016/j.micromeso.2015.02.017,Klechikov,2015,Microporous and Mesoporous Materials,Hydrogen storage in bulk graphene-related materials,HYC-0016-S6,reduced_graphene_oxide,"Reduced graphene oxide, BET 370 m2/g",other,,none,,,,370,,,,,77,38.9,1.03,,unspecified,volumetric_sieverts,0.02,Figure 4,figure_digitized,3,B,Endpoint digitized from Fig. 4 by extractor in WebPlotDigitizer; project file data/digitizations/HYC-0016_fig4.json. BET read from printed curve label. Fig. 5 caption cites 50 bar for 77 K data but digitized endpoint pressure is lower; digitized value recorded.,Avin Gupta,2026-08-30,,,HYC-0016-M6,,BET,,exact,false,false,isothermal,,,,,,,
HYC-0016,10.1016/j.micromeso.2015.02.017,Klechikov,2015,Microporous and Mesoporous Materials,Hydrogen storage in bulk graphene-related materials,HYC-0016-S7,reduced_graphene_oxide,"Reduced graphene oxide, BET 650 m2/g",other,,none,,,,650,,,,,77,39.3,1.65,,unspecified,volumetric_sieverts,0.02,Figure 4,figure_digitized,3,B,Endpoint digitized from Fig. 4 by extractor in WebPlotDigitizer; project file data/digitizations/HYC-0016_fig4.json. BET read from printed curve label. Fig. 5 caption cites 50 bar for 77 K data but digitized endpoint pressure is lower; digitized value recorded.,Avin Gupta,2026-08-30,,,HYC-0016-M7,,BET,,exact,false,false,isothermal,,,,,,,
HYC-0016,10.1016/j.micromeso.2015.02.017,Klechikov,2015,Microporous and Mesoporous Materials,Hydrogen storage in bulk graphene-related materials,HYC-0016-S8,reduced_graphene_oxide,"Reduced graphene oxide, BET 1259 m2/g",other,,koh_activation,,,,1259,,,,,77,38.8,2.82,,unspecified,volumetric_sieverts,0.02,Figure 4,figure_digitized,3,B,Endpoint digitized from Fig. 4 by extractor in WebPlotDigitizer; project file data/digitizations/HYC-0016_fig4.json. BET read from printed curve label. Fig. 5 caption cites 50 bar for 77 K data but digitized endpoint pressure is lower; digitized value recorded.,Avin Gupta,2026-08-30,,,HYC-0016-M8,,BET,,exact,false,false,isothermal,,,,,,,
HYC-0016,10.1016/j.micromeso.2015.02.017,Klechikov,2015,Microporous and Mesoporous Materials,Hydrogen storage in bulk graphene-related materials,HYC-0016-S9,reduced_graphene_oxide,"Reduced graphene oxide, BET 1450 m2/g",other,,koh_activation,,,,1450,,,,,77,38.7,3.53,,unspecified,volumetric_sieverts,0.02,Figure 4,figure_digitized,3,B,Endpoint digitized from Fig. 4 by extractor in WebPlotDigitizer; project file data/digitizations/HYC-0016_fig4.json. BET read from printed curve label. Fig. 5 caption cites 50 bar for 77 K data but digitized endpoint pressure is lower; digitized value recorded.,Avin Gupta,2026-08-30,,,HYC-0016-M9,,BET,,exact,false,false,isothermal,,,,,,,
HYC-0016,10.1016/j.micromeso.2015.02.017,Klechikov,2015,Microporous and Mesoporous Materials,Hydrogen storage in bulk graphene-related materials,HYC-0016-S10,reduced_graphene_oxide,"Reduced graphene oxide, BET 1730 m2/g",other,,koh_activation,,,,1730,,,,,77,38.4,4.19,,unspecified,volumetric_sieverts,0.02,Figure 4,figure_digitized,3,B,Endpoint digitized from Fig. 4 by extractor in WebPlotDigitizer; project file data/digitizations/HYC-0016_fig4.json. BET read from printed curve label. Fig. 5 caption cites 50 bar for 77 K data but digitized endpoint pressure is lower; digitized value recorded.,Avin Gupta,2026-08-30,,,HYC-0016-M10,,BET,,exact,false,false,isothermal,,,,,,,
HYC-0016,10.1016/j.micromeso.2015.02.017,Klechikov,2015,Microporous and Mesoporous Materials,Hydrogen storage in bulk graphene-related materials,HYC-0016-S11,activated_carbon,"Reference activated carbon sample, BET 1830 m2/g",other,,none,,,,1830,,,,,77,38.7,4.36,,unspecified,volumetric_sieverts,0.02,Figure 4,figure_digitized,3,B,"Paper's internal reference sample, not a graphene material; shown in red in Fig. 4. Endpoint digitized by extractor in WebPlotDigitizer; project file data/digitizations/HYC-0016_fig4.json. Fig. 5 caption cites 50 bar for 77 K data but digitized endpoint pressure is lower; digitized value recorded.",Avin Gupta,2026-08-30,,,HYC-0016-M11,,BET,,exact,false,false,isothermal,,,,,,,
HYC-0016,10.1016/j.micromeso.2015.02.017,Klechikov,2015,Microporous and Mesoporous Materials,Hydrogen storage in bulk graphene-related materials,HYC-0016-S12,reduced_graphene_oxide,"Reduced graphene oxide, BET 2300 m2/g",other,,koh_activation,,,,2300,,,,,77,38.7,5.11,,unspecified,volumetric_sieverts,0.02,Figure 4,figure_digitized,3,B,Highest-uptake sample; consistent with abstract statement of approximately 5 wt% for the 2300 m2/g sample. Endpoint digitized by extractor in WebPlotDigitizer; project file data/digitizations/HYC-0016_fig4.json. Fig. 5 caption cites 50 bar for 77 K data but digitized endpoint pressure is lower; digitized value recorded.,Avin Gupta,2026-08-30,,,HYC-0016-M12,,BET,,exact,false,false,isothermal,,,,,,,
HYC-0016,10.1016/j.micromeso.2015.02.017,Klechikov,2015,Microporous and Mesoporous Materials,Hydrogen storage in bulk graphene-related materials,HYC-0016-S13,graphene,"Thermally exfoliated graphene oxide, before in-situ hydrogen activation",other,,none,,,,,,,,,293,120,0.20,,unspecified,gravimetric_microbalance,0.02,Section 3.2 text,text_direct,3,B,Value stated verbatim in text. Temperature not stated in the sentence; 293 K inferred from the surrounding ambient-temperature gravimetric discussion. BET not stated for this sample.,Avin Gupta,2026-08-30,,,HYC-0016-M13,,unspecified,,exact,false,false,isothermal,,,,,,,
HYC-0016,10.1016/j.micromeso.2015.02.017,Klechikov,2015,Microporous and Mesoporous Materials,Hydrogen storage in bulk graphene-related materials,HYC-0016-S13,graphene,"Thermally exfoliated graphene oxide, after in-situ hydrogen activation at 50 bar H2 and 350 C",other,,hydrogen_annealing,,,,,,,,,293,120,0.22,,unspecified,gravimetric_microbalance,0.02,Section 3.2 text,text_direct,3,B,"Same physical sample as HYC-0016-M13, measured after hydrogen activation. Value stated verbatim in text. Temperature not stated in the sentence; 293 K inferred from the surrounding ambient-temperature gravimetric discussion.",Avin Gupta,2026-08-30,,,HYC-0016-M14,,unspecified,,exact,false,false,isothermal,,,,,,,
HYC-0018,10.1016/j.matchemphys.2019.122102,Singh,2020,Materials Chemistry and Physics,Thermally exfoliated graphene oxide for hydrogen storage,HYC-0018-S1,reduced_graphene_oxide,Graphene oxide thermally exfoliated at 300 C in hydrogen flow (EGR 300),thermal_reduction,,,,,C=O carbonyl; C-O epoxy and hydroxyl,248,,,1.63,4.1,77,30,3.12,,unspecified,volumetric_sieverts,,Table 3,table_direct,5,B,"Highest uptake in the study; also stated in abstract and Section 3.3. Total pore volume 1.63 taken from Table 2; abstract, Highlights, and Section 3.2 text state 1.64. Uptake exceeds the Chahine rule of 1 wt% per 500 m2/g by roughly six times; the paper states this explicitly and attributes it to high pore volume, mesoporous structure, fluffy layered nature, and surface oxygen heteroatoms. Paper never designates values as excess or absolute.",Avin Gupta,2026-08-31,,,HYC-0018-M1,,BET,,exact,false,false,isothermal,,,,,,,
HYC-0018,10.1016/j.matchemphys.2019.122102,Singh,2020,Materials Chemistry and Physics,Thermally exfoliated graphene oxide for hydrogen storage,HYC-0018-S2,reduced_graphene_oxide,Graphene oxide thermally exfoliated at 200 C in hydrogen flow (EGR 200),thermal_reduction,,,,,C=O carbonyl; C-O epoxy and hydroxyl,46,,,0.27,2.0,77,30,0.71,,unspecified,volumetric_sieverts,,Figure 10,text_direct,4,B,Value printed as a text label in the Fig. 10 schematic and in the graphical abstract; not digitized. Sample association is by position in the schematic rather than a labeled axis. Paper never designates values as excess or absolute.,Avin Gupta,2026-08-31,,,HYC-0018-M2,,BET,,exact,false,false,isothermal,,,,,,,
HYC-0018,10.1016/j.matchemphys.2019.122102,Singh,2020,Materials Chemistry and Physics,Thermally exfoliated graphene oxide for hydrogen storage,HYC-0018-S3,reduced_graphene_oxide,Graphene oxide thermally exfoliated at 500 C in hydrogen flow (EGR 500),thermal_reduction,,,,,C=O carbonyl; C-O epoxy and hydroxyl,135,,,0.85,2.0,77,30,1.53,,unspecified,volumetric_sieverts,,Figure 10,text_direct,4,B,Value printed as a text label in the Fig. 10 schematic and in the graphical abstract; not digitized. Sample association is by position in the schematic rather than a labeled axis. Paper never designates values as excess or absolute.,Avin Gupta,2026-08-31,,,HYC-0018-M3,,BET,,exact,false,false,isothermal,,,,,,,
HYC-0018,10.1016/j.matchemphys.2019.122102,Singh,2020,Materials Chemistry and Physics,Thermally exfoliated graphene oxide for hydrogen storage,HYC-0018-S1,reduced_graphene_oxide,"Graphene oxide thermally exfoliated at 300 C in hydrogen flow (EGR 300), room-temperature measurement",thermal_reduction,,,,,C=O carbonyl; C-O epoxy and hydroxyl,248,,,1.63,4.1,298,30,0.20,,unspecified,volumetric_sieverts,,Table 3,table_direct,5,B,"Same physical sample as HYC-0018-M1 measured at room temperature. Table 3 gives 0.2; Section 3.3 states 0.20 wt% and gives a range of 0.07-0.20 wt% across all exfoliated samples at 30 bar and 25 C, with per-sample values only in Supplementary Fig. S5a, which is not in the obtained PDF. Paper never designates values as excess or absolute.",Avin Gupta,2026-08-31,,,HYC-0018-M4,,BET,,exact,false,false,isothermal,,,,,,,
HYC-0021,10.1016/j.carbon.2015.12.032,Sethia,2016,Carbon,Activated carbon with optimum pore size distribution for hydrogen storage,HYC-0021-S1,other,"Non-activated carbon precursor carbonized at 400 C from 1,3 bis(cynomethyl imidazolium) chloride (CP-400)",carbonization,,none,,,,11,,,0.01,,77,1,0.03,,unspecified,volumetric_sieverts,,Table 2,table_direct,5,A,Non-activated carbonized precursor; not an activated carbon. DFT pore size reported as NA. Nitrogen 29.7 wt% and C/N 1.9 by elemental analysis (Table 3); dopant_concentration_at_pct left blank because the schema field expects atomic percent and the paper reports weight percent. Paper never designates values as excess or absolute.,Avin Gupta,2026-09-24,,,HYC-0021-M1,,BET,,exact,false,false,isothermal,,,,,,,
HYC-0021,10.1016/j.carbon.2015.12.032,Sethia,2016,Carbon,Activated carbon with optimum pore size distribution for hydrogen storage,HYC-0021-S2,other,"Non-activated carbon precursor carbonized at 600 C from 1,3 bis(cynomethyl imidazolium) chloride (CP-600)",carbonization,,none,,,,18,,,0.02,,77,1,0.63,,unspecified,volumetric_sieverts,,Table 2,table_direct,5,A,"Non-activated carbonized precursor; not an activated carbon. DFT pore size reported as less than 0.364 nm, determined using probe molecules of different sizes rather than by DFT. Porosity almost entirely ultra-micropores below 0.364 nm. Nitrogen 27.3 wt% and C/N 2.3 (Table 3); dopant_concentration_at_pct left blank because the schema field expects atomic percent and the paper reports weight percent.",Avin Gupta,2026-09-24,,,HYC-0021-M2,,BET,,exact,false,false,isothermal,,,,,,,
HYC-0021,10.1016/j.carbon.2015.12.032,Sethia,2016,Carbon,Activated carbon with optimum pore size distribution for hydrogen storage,HYC-0021-S3,doped_carbon,"Nitrogen-doped activated carbon, KOH/precursor weight ratio 1.5, activated at 550 C (NAC-1.5-550)",carbonization,,koh_activation,N,,,526,,0.16,0.26,0.54,77,1,1.47,,unspecified,volumetric_sieverts,,Table 2,table_direct,5,A,"Ultra-micropore volume (pores below 0.7 nm) 0.12 cm3/g, reported in Table 2 but with no corresponding schema field. Nitrogen 25.2 wt% and C/N 2.4 (Table 3); dopant_concentration_at_pct left blank because the schema field expects atomic percent and the paper reports weight percent. Ultra-micropore volume from Table 2, DFT cumulative pore volume, pores below 0.7 nm width (Table 2 footnote c). Micropore column is pores below 2 nm (footnote d).",Avin Gupta,2026-09-24,,,HYC-0021-M3,,BET,0.12,exact,false,false,isothermal,,,,,,,
HYC-0021,10.1016/j.carbon.2015.12.032,Sethia,2016,Carbon,Activated carbon with optimum pore size distribution for hydrogen storage,HYC-0021-S4,doped_carbon,"Nitrogen-doped activated carbon, KOH/precursor weight ratio 1.5, activated at 600 C (NAC-1.5-600)",carbonization,,koh_activation,N,,,1317,,0.43,0.64,0.59,77,1,2.96,,unspecified,volumetric_sieverts,,Table 2,table_direct,5,A,"Optimized sample; highest uptake in the study and reported by the authors as the highest at 77 K and 1 bar for any synthetic-material-derived activated carbon. Ultra-micropore volume 0.27 cm3/g, no schema field. Table 2, Table 1, the body text and the Conclusion all give 2.96 wt%; the abstract gives 2.94 wt%. Table 2 value recorded. Table 2 gives BET 1317 m2/g; one body sentence gives 1312. Table 2 value recorded. Nitrogen 22.3 wt% and C/N 2.6 (Table 3); dopant_concentration_at_pct left blank because the schema field expects atomic percent and the paper reports weight percent. Ultra-micropore volume from Table 2, DFT cumulative pore volume, pores below 0.7 nm width (Table 2 footnote c). Micropore column is pores below 2 nm (footnote d).",Avin Gupta,2026-09-24,,,HYC-0021-M4,,BET,0.27,exact,false,false,isothermal,,,,,,,
HYC-0021,10.1016/j.carbon.2015.12.032,Sethia,2016,Carbon,Activated carbon with optimum pore size distribution for hydrogen storage,HYC-0021-S5,doped_carbon,"Nitrogen-doped activated carbon, KOH/precursor weight ratio 1.5, activated at 650 C (NAC-1.5-650)",carbonization,,koh_activation,N,,,1342,,0.50,0.65,0.63,77,1,2.43,,unspecified,volumetric_sieverts,,Table 2,table_direct,5,A,"Nearly identical BET and total pore volume to NAC-1.5-600 but 21.8 percent lower uptake, which the authors attribute to a broader pore size distribution and a 28.6 percent smaller ultra-micropore volume. Ultra-micropore volume 0.21 cm3/g, no schema field. Nitrogen 18.0 wt% and C/N 3.6 (Table 3); dopant_concentration_at_pct left blank because the schema field expects atomic percent and the paper reports weight percent. Ultra-micropore volume from Table 2, DFT cumulative pore volume, pores below 0.7 nm width (Table 2 footnote c). Micropore column is pores below 2 nm (footnote d).",Avin Gupta,2026-09-24,,,HYC-0021-M5,,BET,0.21,exact,false,false,isothermal,,,,,,,
HYC-0021,10.1016/j.carbon.2015.12.032,Sethia,2016,Carbon,Activated carbon with optimum pore size distribution for hydrogen storage,HYC-0021-S6,doped_carbon,"Nitrogen-doped activated carbon, KOH/precursor weight ratio 1.5, activated at 700 C (NAC-1.5-700)",carbonization,,koh_activation,N,,,2386,,0.69,1.16,0.74,77,1,2.42,,unspecified,volumetric_sieverts,,Table 2,table_direct,5,A,"Highest surface area in the study but no ultra-micropores; reported ultra-micropore volume 0.0 cm3/g, no schema field. Uptake essentially equal to NAC-1.5-650 despite 78 percent higher BET surface area, which is the paper's central evidence that uptake at 77 K and 1 bar tracks ultra-micropore volume rather than total surface area. Nitrogen 11.9 wt% and C/N 5.9 (Table 3); dopant_concentration_at_pct left blank because the schema field expects atomic percent and the paper reports weight percent. Ultra-micropore volume from Table 2, DFT cumulative pore volume, pores below 0.7 nm width (Table 2 footnote c). Micropore column is pores below 2 nm (footnote d).",Avin Gupta,2026-09-24,,,HYC-0021-M6,,BET,0.0,exact,false,false,isothermal,,,,,,,
HYC-0027,10.1021/la301232r,Parambhath,2012,Langmuir,Effect of Nitrogen Doping on Hydrogen Storage Capacity of Palladium Decorated Graphene,HYC-0027-S1,graphene,Hydrogen exfoliated graphene prepared from Hummers graphite oxide (HEG),thermal_reduction,,,,,,,,,,,298,20,0.53,,unspecified,volumetric_sieverts,,Results and Discussion text,text_direct,3,C,"No BET surface area or pore data is reported anywhere in this paper; characterization is Raman, XRD, FESEM, TEM, XPS and EDX only. Uptake stated in text as a bare percentage without the unit; recorded as wt% because the same passage reports comparable values explicitly in wt% and Eq. 1 treats them as one quantity. Pressure converted from 2 MPa. Paper never designates values as excess or absolute.",Avin Gupta,2026-09-24,,,HYC-0027-M1,,unspecified,,exact,false,false,isothermal,,,,,,,
HYC-0027,10.1021/la301232r,Parambhath,2012,Langmuir,Effect of Nitrogen Doping on Hydrogen Storage Capacity of Palladium Decorated Graphene,HYC-0027-S2,composite,Palladium nanoparticles and hydrogen exfoliated graphene mixed mechanically in a mortar and pestle (Pd-HEG),thermal_reduction,,,,,,,,,,,298,20,0.63,,unspecified,volumetric_sieverts,,Results and Discussion text,text_direct,3,C,"Mechanical mixture, not a deposited composite; TEM shows large Pd agglomerates of roughly 50 nm. Pd crystallite size 8.2 nm by Scherrer. Pd loading 20 wt% intended. No BET surface area reported. Uptake stated as a bare percentage; unit inferred as wt% from context. Pressure converted from 2 MPa.",Avin Gupta,2026-09-24,,,HYC-0027-M2,,unspecified,,exact,false,false,isothermal,,,,,,,
HYC-0027,10.1021/la301232r,Parambhath,2012,Langmuir,Effect of Nitrogen Doping on Hydrogen Storage Capacity of Palladium Decorated Graphene,HYC-0027-S3,doped_carbon,Nitrogen-doped hydrogen exfoliated graphene produced by nitrogen plasma treatment (N-HEG),thermal_reduction,,,N,7,,,,,,,298,20,0.88,,unspecified,volumetric_sieverts,,Results and Discussion text,text_direct,3,C,"Nitrogen content approximately 7 at% by XPS. Nitrogen present as pyridinic, pyrrolic and sp3 C-N species. No BET surface area reported. Uptake stated as a bare percentage; unit inferred as wt% from context. Pressure converted from 2 MPa.",Avin Gupta,2026-09-24,,,HYC-0027-M3,,unspecified,,exact,false,false,isothermal,,,,,,,
HYC-0027,10.1021/la301232r,Parambhath,2012,Langmuir,Effect of Nitrogen Doping on Hydrogen Storage Capacity of Palladium Decorated Graphene,HYC-0027-S4,composite,Palladium nanoparticles deposited on nitrogen-doped hydrogen exfoliated graphene by modified polyol reduction (Pd-N-HEG),thermal_reduction,,,N,7,,,,,,,298,20,1.97,,unspecified,volumetric_sieverts,,Results and Discussion text,text_direct,4,C,"Pd loading 21 wt% by XPS and 20 wt% by EDX; 20 wt% intended. Pd particle size 3.1 plus or minus 0.6 nm by TEM. Nitrogen approximately 7 at% by XPS. Uptake mechanism is hydrogen spillover, defined by the authors as dissociative chemisorption on Pd followed by migration of atomic hydrogen onto the support; this is not physisorption. No BET surface area reported, so the Chahine criterion is unassessable for this paper. Eq. 1 substitutes a value of 0.72 for Pd nanoparticle uptake that appears nowhere else in the paper; not extracted.",Avin Gupta,2026-09-24,,,HYC-0027-M4,,unspecified,,exact,false,false,isothermal,,,,,,,
HYC-0027,10.1021/la301232r,Parambhath,2012,Langmuir,Effect of Nitrogen Doping on Hydrogen Storage Capacity of Palladium Decorated Graphene,HYC-0027-S4,composite,"Palladium nanoparticles deposited on nitrogen-doped hydrogen exfoliated graphene by modified polyol reduction (Pd-N-HEG), maximum capacity measurement",thermal_reduction,,,N,7,,,,,,,298,40,4.4,,unspecified,volumetric_sieverts,,Results and Discussion text,text_direct,4,C,"Same physical sample as HYC-0027-M4 at higher pressure. Maximum capacity reported in this study, stated explicitly in wt%. Pressure converted from 4 MPa. Uptake mechanism is spillover rather than physisorption. No BET surface area reported. Desorption is shown in Fig. 5 but no numeric reversibility or cycle-loss figure is stated in the text.",Avin Gupta,2026-09-24,,,HYC-0027-M5,,unspecified,,exact,false,false,isothermal,,,,,,,
HYC-0013,10.1016/j.ijhydene.2014.03.118,Hudson,2014,International Journal of Hydrogen Energy,Hydrogen uptake of reduced graphene oxide and graphene sheets decorated with Fe nanoclusters,HYC-0013-S1,graphene_oxide,"Graphene oxide prepared by modified Staudenmaier method, thermal exfoliation of graphite oxide at 1050 C in argon for 30 s",chemical_oxidation,,"thermal exfoliation at 1050 C in argon, 30 s; outgassed at 523 K for 2 h under high vacuum before sorption",,,"oxygen functionalities (carboxyl, hydroxyl, epoxide) retained; not reduced",304,,,,,300,50,0.17,,unspecified,volumetric_sieverts,,"Table 3, p. 8317",table_direct,5,A,"BET from N2 isotherm at 77 K, BET method, P/P0 < 0.5; value restated in text p. 8315 and Conclusions p. 8318 with no discrepancy. Uptake type not stated by authors; recorded as unspecified per project rule. The paper's only use of the word excess is a statement on p. 8318 that H2 and He adsorb in nearly equal volume on TR-GO, described as the characteristic feature of no excess adsorption; that sentence concerns the helium-correction argument and does not assign an uptake type to the Table 3 values.",Avin Gupta,2026-09-24,,,HYC-0013-M1,,BET,,exact,false,false,isothermal,,,,,,,
HYC-0013,10.1016/j.ijhydene.2014.03.118,Hudson,2014,International Journal of Hydrogen Energy,Hydrogen uptake of reduced graphene oxide and graphene sheets decorated with Fe nanoclusters,HYC-0013-S2,reduced_graphene_oxide,"Thermally reduced graphene oxide (TR-GO), GO reduced at 623 K for 3 h under high vacuum of order 1e-7 torr",thermal_reduction,,thermal reduction at 623 K for 3 h under vacuum of order 1e-7 torr; outgassed at 523 K for 2 h before sorption,,,"oxygen functionalities partially removed as CO and CO2 during thermal reduction, confirmed by mass spectra Fig. S1",375,,,,,300,50,0.32,,unspecified,volumetric_sieverts,,"Table 3, p. 8317",table_direct,5,A,"Highest BET in this study. Uptake type not stated by authors; recorded as unspecified per project rule. Raman ID/IG 0.848 per Table 2, though Fig. 9(b) text on p. 8318 states 0.946 for as-prepared TR-GO; Table 2 is the primary characterization table and is taken as authoritative.",Avin Gupta,2026-09-24,,,HYC-0013-M2,,BET,,exact,false,false,isothermal,,,,,,,
HYC-0013,10.1016/j.ijhydene.2014.03.118,Hudson,2014,International Journal of Hydrogen Energy,Hydrogen uptake of reduced graphene oxide and graphene sheets decorated with Fe nanoclusters,HYC-0013-S2,reduced_graphene_oxide,"Thermally reduced graphene oxide (TR-GO), GO reduced at 623 K for 3 h under high vacuum of order 1e-7 torr",thermal_reduction,,thermal reduction at 623 K for 3 h under vacuum of order 1e-7 torr; outgassed at 523 K for 2 h before sorption,,,"oxygen functionalities partially removed as CO and CO2 during thermal reduction, confirmed by mass spectra Fig. S1",375,,,,,77,50,2.07,,unspecified,volumetric_sieverts,,"Table 3, p. 8317; volumetric value from Conclusions, p. 8318",table_direct,5,A,"Highest uptake among the undecorated samples. Volumetric value 230 cm3/g STP is the authors' own stated figure in the Conclusions, not a conversion. Roughly 2.8x the Chahine estimate of 1 wt% per 500 m2/g at 77 K; the authors argue explicitly that uptake tracks defect concentration as well as surface area. Uptake type not stated; recorded as unspecified. This sample is the subject of the comparative H2/He isotherm analysis in Fig. 8.",Avin Gupta,2026-09-24,,,HYC-0013-M3,230,BET,,exact,false,false,isothermal,,,,,,,
HYC-0013,10.1016/j.ijhydene.2014.03.118,Hudson,2014,International Journal of Hydrogen Energy,Hydrogen uptake of reduced graphene oxide and graphene sheets decorated with Fe nanoclusters,HYC-0013-S3,reduced_graphene_oxide,"Chemically reduced graphene oxide (CR-GO), GO reduced with hydrazine hydrate",chemical_reduction,,chemical reduction with hydrazine hydrate; outgassed at 523 K for 2 h under high vacuum before sorption,,,oxygen functionalities removed by hydrazine; lattice distortion and high structural defect density reported,9,,,,,300,50,0.1,,unspecified,volumetric_sieverts,,"Table 3, p. 8317",table_direct,5,A,"Lowest BET in this study at 9 m2/g. Raman ID/IG 1.164 per Table 2, the highest disorder among the four samples. Uptake type not stated; recorded as unspecified.",Avin Gupta,2026-09-24,,,HYC-0013-M4,,BET,,exact,false,false,isothermal,,,,,,,
HYC-0013,10.1016/j.ijhydene.2014.03.118,Hudson,2014,International Journal of Hydrogen Energy,Hydrogen uptake of reduced graphene oxide and graphene sheets decorated with Fe nanoclusters,HYC-0013-S3,reduced_graphene_oxide,"Chemically reduced graphene oxide (CR-GO), GO reduced with hydrazine hydrate",chemical_reduction,,chemical reduction with hydrazine hydrate; outgassed at 523 K for 2 h under high vacuum before sorption,,,oxygen functionalities removed by hydrazine; lattice distortion and high structural defect density reported,9,,,,,77,50,0.54,,unspecified,volumetric_sieverts,,"Table 3, p. 8317; volumetric value from Conclusions, p. 8318",table_direct,5,A,"Strongest Chahine deviation in this paper and the hardest value here to reconcile with surface-area scaling: 0.54 wt% from only 9 m2/g is roughly 30x the Chahine estimate. The authors present this sample as their evidence that defect concentration drives uptake independently of surface area. Volumetric value 60 cm3/g STP is the authors' own stated figure in the Conclusions, not a conversion. Uptake type not stated; recorded as unspecified.",Avin Gupta,2026-09-24,,,HYC-0013-M5,60,BET,,exact,false,false,isothermal,,,,,,,
HYC-0013,10.1016/j.ijhydene.2014.03.118,Hudson,2014,International Journal of Hydrogen Energy,Hydrogen uptake of reduced graphene oxide and graphene sheets decorated with Fe nanoclusters,HYC-0013-S4,graphene,"Graphene sheets decorated with Fe nanoclusters (Fe-GS), synthesized by arc discharge between a pure graphite cathode and a graphite anode impregnated with Fe nanopowder of 10-30 nm APS",arc_discharge,,arc discharge at approx 100 A and 25 V under approx 300 torr argon for 8-10 min; outgassed at 523 K for 2 h under high vacuum before sorption,Fe,,negligible oxygen functionalities per authors; termed graphene sheets rather than graphene oxide for this reason,190,,,,,300,50,0.27,,unspecified,volumetric_sieverts,,"Table 3, p. 8317",table_direct,5,A,"Fe loading is not reported in any unit, so dopant_concentration_at_pct is left blank. Classified as graphene rather than composite because the authors describe arc-discharge graphene sheets with negligible oxygen functionalities, decorated with Fe. Raman ID/IG 0.225 per Table 2. Uptake type not stated; recorded as unspecified.",Avin Gupta,2026-09-24,,,HYC-0013-M6,,BET,,exact,false,false,isothermal,,,,,,,
HYC-0013,10.1016/j.ijhydene.2014.03.118,Hudson,2014,International Journal of Hydrogen Energy,Hydrogen uptake of reduced graphene oxide and graphene sheets decorated with Fe nanoclusters,HYC-0013-S4,graphene,"Graphene sheets decorated with Fe nanoclusters (Fe-GS), synthesized by arc discharge between a pure graphite cathode and a graphite anode impregnated with Fe nanopowder of 10-30 nm APS",arc_discharge,,arc discharge at approx 100 A and 25 V under approx 300 torr argon for 8-10 min; outgassed at 523 K for 2 h under high vacuum before sorption,Fe,,negligible oxygen functionalities per authors; termed graphene sheets rather than graphene oxide for this reason,190,,,,,77,50,2.16,,unspecified,volumetric_sieverts,,"Table 3, p. 8317; volumetric value from Conclusions, p. 8318",table_direct,5,A,"Highest uptake in this paper, but only marginally above undecorated TR-GO at 2.07 wt% despite roughly half the surface area. The authors do not attribute this to hydrogen spillover; they attribute uptake across all four samples to defect concentration. Spillover appears in this paper only in its literature review of other groups. Volumetric value 240 cm3/g STP is the authors' own stated figure in the Conclusions, not a conversion. Uptake type not stated; recorded as unspecified.",Avin Gupta,2026-09-24,,,HYC-0013-M7,240,BET,,exact,false,false,isothermal,,,,,,,
HYC-0018,10.1016/j.matchemphys.2019.122102,Singh,2020,Materials Chemistry and Physics,Thermally exfoliated graphene oxide for hydrogen storage,HYC-0018-S4,graphene_oxide,"Graphene oxide, unexfoliated starting material (GO)",thermal_reduction,,,,,,41,,,0.14,1.8,,,,,unspecified,unknown,,Table 2,table_direct,5,B,"Characterization-only row: this paper reports no numeric hydrogen uptake for the unexfoliated GO sample in any text or table, and GO appears in none of the hydrogen panels of Fig. 9. Recoverable only under schema v1.1, which makes temperature and pressure conditional. Caution for later extractors: this paper uses 'GO exfoliated at 300 C' in prose to mean the sample Table 2 calls EGR (300), so the 3.12 wt% figure belongs to EGR (300), not to GO.",Avin Gupta,2026-08-31,,,HYC-0018-M5,,BET,,exact,false,false,isothermal,,,,,,,
HYC-0018,10.1016/j.matchemphys.2019.122102,Singh,2020,Materials Chemistry and Physics,Thermally exfoliated graphene oxide for hydrogen storage,HYC-0018-S5,reduced_graphene_oxide,Graphene oxide thermally exfoliated at 400 C in hydrogen flow (EGR 400),thermal_reduction,,,,,,218,,,1.40,3.9,,,,,unspecified,unknown,,Table 2,table_direct,5,B,"Characterization-only row: EGR (400)'s hydrogen uptake appears nowhere in the text or tables, only as plotted points in Fig. 9, so under §3.4 it cannot be recorded without programmatic digitization. Structural values from Table 2, corroborated at p. 9: 'At 400 C, the values decreased slightly to 218 m2/g and 1.4 cm3/g respectively'. Tier inherited from this paper's uptake-bearing rows; the §13.3 rubric scores the reporting of an uptake measurement and this row has none.",Avin Gupta,2026-08-31,,,HYC-0018-M6,,BET,,exact,false,false,isothermal,,,,,,,
HYC-0025,10.1016/j.ijhydene.2021.09.183,Sawant,2021,International Journal of Hydrogen Energy,Hydrogen storage in boron-doped carbon nanotubes: Effect of dopant concentration,HYC-0025-S1,MWCNT,"Pristine MWCNTs, floating-catalyst CVD of ethanol with ferrocene (8 mg/mL) at 1073 K, no boric acid",cvd,,,,,no C-O or C=O component resolved; XPS C 1s deconvolutes to 284.4 and 285.6 eV only; total O 12.27 at% (Table 2),,,,,,303,16,0.048,,unspecified,volumetric_sieverts,,"Table 9 (uptake wt%, T = 303 K, P = 16 bar); Table 2 (B at%); corroborated Table 5, Table 8, Fig. 10 and Fig. 11(a) captions",table_direct,4,B,"Conditions resolved under §3.7. The abstract states 273 K; the Methods section, Tables 7/8/9 and the Fig. 10 and Fig. 11(a) captions all state 303 K, so 303 K is recorded. One sentence in the Raman/storage discussion states '0.497 wt% at 303 K and 20 bar'; the Methods section, Table 7, Table 9 and both figure captions state 16 bar, so 16 bar is recorded. TRAP: Table 8's Langmuir Qm values (0.257-1.411 wt%) are fitted maximum capacities, 2.8-4.2x the measured uptakes, and are not uptake measurements. The Langmuir model here is an H2 adsorption isotherm fit, not a Langmuir surface-area determination, so langmuir_surface_area_m2_g is empty. No surface area of any kind is reported: the strings 'BET', 'Brunauer', 'surface area' and 'm2/g' do not occur for these samples and no porosimetry instrument is named, hence surface_area_method = none. Instrument identified only as ""Sievert's apparatus"", no manufacturer or model; sample mass ~250 mg, degassed at 423 K for 2-3 h under vacuum; equilibrium reached in ~100 s. No calibration, blank, dead-volume or buoyancy correction is described and no uncertainty is reported. Table 1, Table 7 rows 1-2 and Fig. 11(d) report other groups' materials and are excluded; Fig. 11(d) is additionally normalised. The paper's purification sentence (HCl wash, then deionised water) sits in the BCNTs synthesis paragraph; the pristine MWCNTs are said only to be made 'under similar reaction conditions', so purification_method is left empty rather than inferred. material_class is MWCNT on all six rows, not doped_carbon: the paper calls them 'the pristine and doped MWCNTs' and TEM gives 10-30 nm multi-walled tubes, and splitting the pristine control away from its own dopant series would break the within-paper comparison. Follows the HYC-0013 precedent (Fe-decorated graphene kept as graphene with dopant_element = Fe). Tier B by §13.3: BET 0 (no surface area reported), method 2 (apparatus type, sample mass, degas protocol and equilibration time all stated), T/P 1, uptake type 0, purity 1 (XPS elemental composition, TGA residual <15 wt%, HCl purification), calibration 0, Chahine 2 = 6. extraction_confidence 4 rather than 5 because the paper contradicts itself on a recorded field (temperature).",HyCAN pipeline v2,2026-09-25,Agent B: 42/42 agreed,2026-09-25,HYC-0025-M1,,none,,exact,false,false,isothermal,,,,,,,
HYC-0025,10.1016/j.ijhydene.2021.09.183,Sawant,2021,International Journal of Hydrogen Energy,Hydrogen storage in boron-doped carbon nanotubes: Effect of dopant concentration,HYC-0025-S2,MWCNT,"Boron-doped MWCNTs (BCNTs-I), floating-catalyst CVD of ethanol with ferrocene and 6.5 mM boric acid at 1073 K, 1.12 at% B",cvd,"99.99% HCl, then washed twice with deionised water",,B,1.12,weak C-O (XPS C 1s 286.5 +/- 0.5 eV); total O 18 at% (Table 2),,,,,,303,16,0.216,,unspecified,volumetric_sieverts,,"Table 9 (uptake wt%, T = 303 K, P = 16 bar); Table 2 (B at%); corroborated Table 5, Table 8, Fig. 10 and Fig. 11(a) captions",table_direct,4,B,"Conditions resolved under §3.7. The abstract states 273 K; the Methods section, Tables 7/8/9 and the Fig. 10 and Fig. 11(a) captions all state 303 K, so 303 K is recorded. One sentence in the Raman/storage discussion states '0.497 wt% at 303 K and 20 bar'; the Methods section, Table 7, Table 9 and both figure captions state 16 bar, so 16 bar is recorded. TRAP: Table 8's Langmuir Qm values (0.257-1.411 wt%) are fitted maximum capacities, 2.8-4.2x the measured uptakes, and are not uptake measurements. The Langmuir model here is an H2 adsorption isotherm fit, not a Langmuir surface-area determination, so langmuir_surface_area_m2_g is empty. No surface area of any kind is reported: the strings 'BET', 'Brunauer', 'surface area' and 'm2/g' do not occur for these samples and no porosimetry instrument is named, hence surface_area_method = none. Instrument identified only as ""Sievert's apparatus"", no manufacturer or model; sample mass ~250 mg, degassed at 423 K for 2-3 h under vacuum; equilibrium reached in ~100 s. No calibration, blank, dead-volume or buoyancy correction is described and no uncertainty is reported. Table 1, Table 7 rows 1-2 and Fig. 11(d) report other groups' materials and are excluded; Fig. 11(d) is additionally normalised. material_class is MWCNT on all six rows, not doped_carbon: the paper calls them 'the pristine and doped MWCNTs' and TEM gives 10-30 nm multi-walled tubes, and splitting the pristine control away from its own dopant series would break the within-paper comparison. Follows the HYC-0013 precedent (Fe-decorated graphene kept as graphene with dopant_element = Fe). Tier B by §13.3: BET 0 (no surface area reported), method 2 (apparatus type, sample mass, degas protocol and equilibration time all stated), T/P 1, uptake type 0, purity 1 (XPS elemental composition, TGA residual <15 wt%, HCl purification), calibration 0, Chahine 2 = 6. extraction_confidence 4 rather than 5 because the paper contradicts itself on a recorded field (temperature).",HyCAN pipeline v2,2026-09-25,Agent B: 42/42 agreed,2026-09-25,HYC-0025-M2,,none,,exact,false,false,isothermal,,,,,,,
HYC-0025,10.1016/j.ijhydene.2021.09.183,Sawant,2021,International Journal of Hydrogen Energy,Hydrogen storage in boron-doped carbon nanotubes: Effect of dopant concentration,HYC-0025-S3,MWCNT,"Boron-doped MWCNTs (BCNTs-II), floating-catalyst CVD of ethanol with ferrocene and 13 mM boric acid at 1073 K, 2.06 at% B",cvd,"99.99% HCl, then washed twice with deionised water",,B,2.06,weak C-O (XPS C 1s 286.5 +/- 0.5 eV); total O 22.45 at% (Table 2),,,,,,303,16,0.375,,unspecified,volumetric_sieverts,,"Table 9 (uptake wt%, T = 303 K, P = 16 bar); Table 2 (B at%); corroborated Table 5, Table 8, Fig. 10 and Fig. 11(a) captions",table_direct,4,B,"Conditions resolved under §3.7. The abstract states 273 K; the Methods section, Tables 7/8/9 and the Fig. 10 and Fig. 11(a) captions all state 303 K, so 303 K is recorded. One sentence in the Raman/storage discussion states '0.497 wt% at 303 K and 20 bar'; the Methods section, Table 7, Table 9 and both figure captions state 16 bar, so 16 bar is recorded. TRAP: Table 8's Langmuir Qm values (0.257-1.411 wt%) are fitted maximum capacities, 2.8-4.2x the measured uptakes, and are not uptake measurements. The Langmuir model here is an H2 adsorption isotherm fit, not a Langmuir surface-area determination, so langmuir_surface_area_m2_g is empty. No surface area of any kind is reported: the strings 'BET', 'Brunauer', 'surface area' and 'm2/g' do not occur for these samples and no porosimetry instrument is named, hence surface_area_method = none. Instrument identified only as ""Sievert's apparatus"", no manufacturer or model; sample mass ~250 mg, degassed at 423 K for 2-3 h under vacuum; equilibrium reached in ~100 s. No calibration, blank, dead-volume or buoyancy correction is described and no uncertainty is reported. Table 1, Table 7 rows 1-2 and Fig. 11(d) report other groups' materials and are excluded; Fig. 11(d) is additionally normalised. material_class is MWCNT on all six rows, not doped_carbon: the paper calls them 'the pristine and doped MWCNTs' and TEM gives 10-30 nm multi-walled tubes, and splitting the pristine control away from its own dopant series would break the within-paper comparison. Follows the HYC-0013 precedent (Fe-decorated graphene kept as graphene with dopant_element = Fe). Tier B by §13.3: BET 0 (no surface area reported), method 2 (apparatus type, sample mass, degas protocol and equilibration time all stated), T/P 1, uptake type 0, purity 1 (XPS elemental composition, TGA residual <15 wt%, HCl purification), calibration 0, Chahine 2 = 6. extraction_confidence 4 rather than 5 because the paper contradicts itself on a recorded field (temperature).",HyCAN pipeline v2,2026-09-25,Agent B: 42/42 agreed,2026-09-25,HYC-0025-M3,,none,,exact,false,false,isothermal,,,,,,,
HYC-0025,10.1016/j.ijhydene.2021.09.183,Sawant,2021,International Journal of Hydrogen Energy,Hydrogen storage in boron-doped carbon nanotubes: Effect of dopant concentration,HYC-0025-S4,MWCNT,"Boron-doped MWCNTs (BCNTs-III), floating-catalyst CVD of ethanol with ferrocene and 19.4 mM boric acid at 1073 K, 3.86 at% B",cvd,"99.99% HCl, then washed twice with deionised water",,B,3.86,weak C-O (XPS C 1s 286.5 +/- 0.5 eV); total O 24 at% (Table 2),,,,,,303,16,0.497,,unspecified,volumetric_sieverts,,"Table 9 (uptake wt%, T = 303 K, P = 16 bar); Table 2 (B at%); corroborated Table 5, Table 8, Fig. 10 and Fig. 11(a) captions",table_direct,4,B,"Conditions resolved under §3.7. The abstract states 273 K; the Methods section, Tables 7/8/9 and the Fig. 10 and Fig. 11(a) captions all state 303 K, so 303 K is recorded. One sentence in the Raman/storage discussion states '0.497 wt% at 303 K and 20 bar'; the Methods section, Table 7, Table 9 and both figure captions state 16 bar, so 16 bar is recorded. TRAP: Table 8's Langmuir Qm values (0.257-1.411 wt%) are fitted maximum capacities, 2.8-4.2x the measured uptakes, and are not uptake measurements. The Langmuir model here is an H2 adsorption isotherm fit, not a Langmuir surface-area determination, so langmuir_surface_area_m2_g is empty. No surface area of any kind is reported: the strings 'BET', 'Brunauer', 'surface area' and 'm2/g' do not occur for these samples and no porosimetry instrument is named, hence surface_area_method = none. Instrument identified only as ""Sievert's apparatus"", no manufacturer or model; sample mass ~250 mg, degassed at 423 K for 2-3 h under vacuum; equilibrium reached in ~100 s. No calibration, blank, dead-volume or buoyancy correction is described and no uncertainty is reported. Table 1, Table 7 rows 1-2 and Fig. 11(d) report other groups' materials and are excluded; Fig. 11(d) is additionally normalised. This is the paper's headline sample: the maximum uptake, and the value the abstract reports at 273 K. material_class is MWCNT on all six rows, not doped_carbon: the paper calls them 'the pristine and doped MWCNTs' and TEM gives 10-30 nm multi-walled tubes, and splitting the pristine control away from its own dopant series would break the within-paper comparison. Follows the HYC-0013 precedent (Fe-decorated graphene kept as graphene with dopant_element = Fe). Tier B by §13.3: BET 0 (no surface area reported), method 2 (apparatus type, sample mass, degas protocol and equilibration time all stated), T/P 1, uptake type 0, purity 1 (XPS elemental composition, TGA residual <15 wt%, HCl purification), calibration 0, Chahine 2 = 6. extraction_confidence 4 rather than 5 because the paper contradicts itself on a recorded field (temperature).",HyCAN pipeline v2,2026-09-25,Agent B: 42/42 agreed,2026-09-25,HYC-0025-M4,,none,,exact,false,false,isothermal,,,,,,,
HYC-0025,10.1016/j.ijhydene.2021.09.183,Sawant,2021,International Journal of Hydrogen Energy,Hydrogen storage in boron-doped carbon nanotubes: Effect of dopant concentration,HYC-0025-S5,MWCNT,"Boron-doped MWCNTs (BCNTs-IV), floating-catalyst CVD of ethanol with ferrocene and 26 mM boric acid at 1073 K, 6.3 at% B",cvd,"99.99% HCl, then washed twice with deionised water",,B,6.3,weak C-O (XPS C 1s 286.5 +/- 0.5 eV); total O 27.6 at% (Table 2),,,,,,303,16,0.266,,unspecified,volumetric_sieverts,,"Table 9 (uptake wt%, T = 303 K, P = 16 bar); Table 2 (B at%); corroborated Table 5, Table 8, Fig. 10 and Fig. 11(a) captions",table_direct,4,B,"Conditions resolved under §3.7. The abstract states 273 K; the Methods section, Tables 7/8/9 and the Fig. 10 and Fig. 11(a) captions all state 303 K, so 303 K is recorded. One sentence in the Raman/storage discussion states '0.497 wt% at 303 K and 20 bar'; the Methods section, Table 7, Table 9 and both figure captions state 16 bar, so 16 bar is recorded. TRAP: Table 8's Langmuir Qm values (0.257-1.411 wt%) are fitted maximum capacities, 2.8-4.2x the measured uptakes, and are not uptake measurements. The Langmuir model here is an H2 adsorption isotherm fit, not a Langmuir surface-area determination, so langmuir_surface_area_m2_g is empty. No surface area of any kind is reported: the strings 'BET', 'Brunauer', 'surface area' and 'm2/g' do not occur for these samples and no porosimetry instrument is named, hence surface_area_method = none. Instrument identified only as ""Sievert's apparatus"", no manufacturer or model; sample mass ~250 mg, degassed at 423 K for 2-3 h under vacuum; equilibrium reached in ~100 s. No calibration, blank, dead-volume or buoyancy correction is described and no uncertainty is reported. Table 1, Table 7 rows 1-2 and Fig. 11(d) report other groups' materials and are excluded; Fig. 11(d) is additionally normalised. The sentence 'BCNTs-IV (8 at%) and BCNTs-V (6.3 at%) reported lesser hydrogen storage values' swaps the two dopant concentrations; the next sentence and Tables 2, 3, 5, 8 and 9 all give BCNTs-IV = 6.3 at% and BCNTs-V = 8.00 at%, which is what is recorded. Note also that the paper writes BCNTs-IV and BCNTs-V with the single-character Roman numerals U+2163 and U+2164 in every table, so an ASCII-only search of the text layer returns no table rows for these two samples. material_class is MWCNT on all six rows, not doped_carbon: the paper calls them 'the pristine and doped MWCNTs' and TEM gives 10-30 nm multi-walled tubes, and splitting the pristine control away from its own dopant series would break the within-paper comparison. Follows the HYC-0013 precedent (Fe-decorated graphene kept as graphene with dopant_element = Fe). Tier B by §13.3: BET 0 (no surface area reported), method 2 (apparatus type, sample mass, degas protocol and equilibration time all stated), T/P 1, uptake type 0, purity 1 (XPS elemental composition, TGA residual <15 wt%, HCl purification), calibration 0, Chahine 2 = 6. extraction_confidence 4 rather than 5 because the paper contradicts itself on a recorded field (temperature).",HyCAN pipeline v2,2026-09-25,Agent B: 42/42 agreed,2026-09-25,HYC-0025-M5,,none,,exact,false,false,isothermal,,,,,,,
HYC-0025,10.1016/j.ijhydene.2021.09.183,Sawant,2021,International Journal of Hydrogen Energy,Hydrogen storage in boron-doped carbon nanotubes: Effect of dopant concentration,HYC-0025-S6,MWCNT,"Boron-doped MWCNTs (BCNTs-V), floating-catalyst CVD of ethanol with ferrocene and 39 mM boric acid at 1073 K, 8.0 at% B",cvd,"99.99% HCl, then washed twice with deionised water",,B,8.0,weak C-O and C=O (XPS C 1s 286.2 and 288.3 eV); total O 35.82 at% (Table 2),,,,,,303,16,0.202,,unspecified,volumetric_sieverts,,"Table 9 (uptake wt%, T = 303 K, P = 16 bar); Table 2 (B at%); corroborated Table 5, Table 8, Fig. 10 and Fig. 11(a) captions",table_direct,4,B,"Conditions resolved under §3.7. The abstract states 273 K; the Methods section, Tables 7/8/9 and the Fig. 10 and Fig. 11(a) captions all state 303 K, so 303 K is recorded. One sentence in the Raman/storage discussion states '0.497 wt% at 303 K and 20 bar'; the Methods section, Table 7, Table 9 and both figure captions state 16 bar, so 16 bar is recorded. TRAP: Table 8's Langmuir Qm values (0.257-1.411 wt%) are fitted maximum capacities, 2.8-4.2x the measured uptakes, and are not uptake measurements. The Langmuir model here is an H2 adsorption isotherm fit, not a Langmuir surface-area determination, so langmuir_surface_area_m2_g is empty. No surface area of any kind is reported: the strings 'BET', 'Brunauer', 'surface area' and 'm2/g' do not occur for these samples and no porosimetry instrument is named, hence surface_area_method = none. Instrument identified only as ""Sievert's apparatus"", no manufacturer or model; sample mass ~250 mg, degassed at 423 K for 2-3 h under vacuum; equilibrium reached in ~100 s. No calibration, blank, dead-volume or buoyancy correction is described and no uncertainty is reported. Table 1, Table 7 rows 1-2 and Fig. 11(d) report other groups' materials and are excluded; Fig. 11(d) is additionally normalised. The sentence 'BCNTs-IV (8 at%) and BCNTs-V (6.3 at%) reported lesser hydrogen storage values' swaps the two dopant concentrations; the next sentence and Tables 2, 3, 5, 8 and 9 all give BCNTs-IV = 6.3 at% and BCNTs-V = 8.00 at%, which is what is recorded. Note also that the paper writes BCNTs-IV and BCNTs-V with the single-character Roman numerals U+2163 and U+2164 in every table, so an ASCII-only search of the text layer returns no table rows for these two samples. material_class is MWCNT on all six rows, not doped_carbon: the paper calls them 'the pristine and doped MWCNTs' and TEM gives 10-30 nm multi-walled tubes, and splitting the pristine control away from its own dopant series would break the within-paper comparison. Follows the HYC-0013 precedent (Fe-decorated graphene kept as graphene with dopant_element = Fe). Tier B by §13.3: BET 0 (no surface area reported), method 2 (apparatus type, sample mass, degas protocol and equilibration time all stated), T/P 1, uptake type 0, purity 1 (XPS elemental composition, TGA residual <15 wt%, HCl purification), calibration 0, Chahine 2 = 6. extraction_confidence 4 rather than 5 because the paper contradicts itself on a recorded field (temperature).",HyCAN pipeline v2,2026-09-25,Agent B: 42/42 agreed,2026-09-25,HYC-0025-M6,,none,,exact,false,false,isothermal,,,,,,,
HYC-0012,10.1016/j.carbon.2009.09.060,Liu,2010,Carbon,Hydrogen storage in carbon nanotubes revisited,HYC-0012-S1,SWCNT,"As-prepared single-walled carbon nanotubes (SWCNT), average tube diameter 1.8 nm, not purified",arc_discharge,,,,,,65,,,,,296.15,121.0,0.5,,unspecified,volumetric_sieverts,,"Table 1, row 1 (as-prepared SWCNTs), p. 454",table_direct,4,B,"Conditions and uptake are per-sample from Table 1; the paper's blanket '~12 MPa' and 'room temperature' must not be substituted for them, as no two rows share a pressure. Reported as 23.0/19.0/20.5/20.1/20.1/19.9 C and 12.10/12.20/12.04/12.05/12.02/11.96 MPa in Table 1 row order; converted exactly (K = C + 273.15, bar = MPa x 10). §3.7 CONFLICT 1: the running text on p. 454 lists the samples as '... air oxidized MWCNTs, KOH activated MWCNTs, and CO2 oxidized MWCNTs', reversing Table 1's order (CO2-oxidized, then KOH-activated). Table 1 governs: CO2-oxidized = 429 m2/g and 1.0 wt%, KOH-activated = 785 m2/g and 1.2 wt%. A reader mapping the text order onto the table's value column would swap them. §3.7 CONFLICT 2: the abstract, introduction (twice) and summary all state the capacity is 'less than 1.7 wt.%', but Table 1's maximum is exactly 1.7 (purified SWCNTs); the claim should read 'no more than'. Surface-area method is NOT stated anywhere: 'BET', 'Brunauer' and 'Langmuir' have zero hits, and the paper says only that the areas 'were measured to be'; porosimetry is deferred to ref [18]. The values sit in bet_surface_area_m2_g because the schema has no generic surface-area field and surface_area_method = unspecified carries the truth; extraction_confidence is 4 rather than 5 for that reason, following the HYC-0005 precedent (§8.6). These rows are therefore not eligible for BET-normalised comparison. The paper reports a SECOND apparatus: 'we also measured three of our CNT samples using an apparatus built for accurately determining the hydrogen storage capacity of carbonaceous materials by Kiyobayashi et al. [19], and the results were in the range of 0.7-0.9 wt.%' - systematically lower than Table 1, with the three samples never identified, so it cannot be recorded as rows. Apparatus: purpose-built Sieverts (spelled 'Sievelt' throughout, so a search for 'Sieverts' returns nothing), Rosemount sensors 0.075% FS at 1e-4 MPa resolution, temperature to +/-0.01 K, sample mass >= 200 mg, 120 h blank run, total leak rate 3.02e-8 mmol/s, LaNi5 calibration reproducing 1.4 wt%. No sample-volume (helium) determination is described, which is the paper's notable omission given its thesis is measurement accuracy. No uncertainty is quoted per value. Tube diameters (1.8 nm SWCNT, ~30 nm MWCNT) are NOT pore diameters and average_pore_diameter_nm is empty; this paper reports no pore data. This paper is the same authors' retraction of their 1999 Science result ('our previous reported hydrogen storage capacities were overestimated'), which is HYC-0002 in this corpus; the 4.2 wt% belongs to that record only. Fig. 3 compiles other groups' literature values and is excluded. No purity figure is given for this sample; the 95% TGA/TEM estimate applies to the purified SWCNTs only. §13.3: surface area 1 (reported, method unstated), method 2, T/P 1, uptake type 0, purity 0, calibration 1 (blank run, quantified leak rate, LaNi5 external standard), Chahine 2 = 7 -> Tier B.",HyCAN pipeline v2,2026-09-25,Agent B: 64/64 agreed,2026-09-25,HYC-0012-M1,,unspecified,,exact,false,false,isothermal,,,,,,,
HYC-0012,10.1016/j.carbon.2009.09.060,Liu,2010,Carbon,Hydrogen storage in carbon nanotubes revisited,HYC-0012-S2,SWCNT,"Purified single-walled carbon nanotubes (SWCNT), average tube diameter 1.8 nm, purity about 95% by TGA and TEM",arc_discharge,mechanical crushing; nitric acid treatment; H2O2 refluxing; sonication in NaOH solution; de-ionised water washing,,,,,229,,,,,292.15,122.0,1.7,,unspecified,volumetric_sieverts,,"Table 1, row 2 (purified SWCNTs), p. 454",table_direct,4,B,"Conditions and uptake are per-sample from Table 1; the paper's blanket '~12 MPa' and 'room temperature' must not be substituted for them, as no two rows share a pressure. Reported as 23.0/19.0/20.5/20.1/20.1/19.9 C and 12.10/12.20/12.04/12.05/12.02/11.96 MPa in Table 1 row order; converted exactly (K = C + 273.15, bar = MPa x 10). §3.7 CONFLICT 1: the running text on p. 454 lists the samples as '... air oxidized MWCNTs, KOH activated MWCNTs, and CO2 oxidized MWCNTs', reversing Table 1's order (CO2-oxidized, then KOH-activated). Table 1 governs: CO2-oxidized = 429 m2/g and 1.0 wt%, KOH-activated = 785 m2/g and 1.2 wt%. A reader mapping the text order onto the table's value column would swap them. §3.7 CONFLICT 2: the abstract, introduction (twice) and summary all state the capacity is 'less than 1.7 wt.%', but Table 1's maximum is exactly 1.7 (purified SWCNTs); the claim should read 'no more than'. Surface-area method is NOT stated anywhere: 'BET', 'Brunauer' and 'Langmuir' have zero hits, and the paper says only that the areas 'were measured to be'; porosimetry is deferred to ref [18]. The values sit in bet_surface_area_m2_g because the schema has no generic surface-area field and surface_area_method = unspecified carries the truth; extraction_confidence is 4 rather than 5 for that reason, following the HYC-0005 precedent (§8.6). These rows are therefore not eligible for BET-normalised comparison. The paper reports a SECOND apparatus: 'we also measured three of our CNT samples using an apparatus built for accurately determining the hydrogen storage capacity of carbonaceous materials by Kiyobayashi et al. [19], and the results were in the range of 0.7-0.9 wt.%' - systematically lower than Table 1, with the three samples never identified, so it cannot be recorded as rows. Apparatus: purpose-built Sieverts (spelled 'Sievelt' throughout, so a search for 'Sieverts' returns nothing), Rosemount sensors 0.075% FS at 1e-4 MPa resolution, temperature to +/-0.01 K, sample mass >= 200 mg, 120 h blank run, total leak rate 3.02e-8 mmol/s, LaNi5 calibration reproducing 1.4 wt%. No sample-volume (helium) determination is described, which is the paper's notable omission given its thesis is measurement accuracy. No uncertainty is quoted per value. Tube diameters (1.8 nm SWCNT, ~30 nm MWCNT) are NOT pore diameters and average_pore_diameter_nm is empty; this paper reports no pore data. This paper is the same authors' retraction of their 1999 Science result ('our previous reported hydrogen storage capacities were overestimated'), which is HYC-0002 in this corpus; the 4.2 wt% belongs to that record only. Fig. 3 compiles other groups' literature values and is excluded. This row is the paper's maximum and the one that forfeits the Chahine points: 1.7 wt% at 292 K and 122 bar from 229 m2/g is roughly 3.7x a Chahine estimate and sits above the ~1 wt% room-temperature physisorption bound, the paper offers no mechanism (it states the structure-capacity relationship 'is not clear yet'), and its own second apparatus returned 0.7-0.9 wt% on three of its samples. Not placed at Tier D: 1.7 wt% at 122 bar is above the bound but not the order-of-magnitude excess the §13.3 physics override is written for. Treat as the corpus's high-side room-temperature outlier. §13.3: surface area 1 (reported, method unstated), method 2, T/P 1, uptake type 0, purity 1, calibration 1 (blank run, quantified leak rate, LaNi5 external standard), Chahine 0 = 6 -> Tier B.",HyCAN pipeline v2,2026-09-25,Agent B: 64/64 agreed,2026-09-25,HYC-0012-M2,,unspecified,,exact,false,false,isothermal,,,,,,,
HYC-0012,10.1016/j.carbon.2009.09.060,Liu,2010,Carbon,Hydrogen storage in carbon nanotubes revisited,HYC-0012-S3,MWCNT,"As-prepared multi-walled carbon nanotubes (MWCNT), mean tube diameter about 30 nm, not purified",cvd,,,,,,66,,,,,293.65,120.4,0.2,,unspecified,volumetric_sieverts,,"Table 1, row 3 (as-prepared MWCNTs), p. 454",table_direct,4,B,"Conditions and uptake are per-sample from Table 1; the paper's blanket '~12 MPa' and 'room temperature' must not be substituted for them, as no two rows share a pressure. Reported as 23.0/19.0/20.5/20.1/20.1/19.9 C and 12.10/12.20/12.04/12.05/12.02/11.96 MPa in Table 1 row order; converted exactly (K = C + 273.15, bar = MPa x 10). §3.7 CONFLICT 1: the running text on p. 454 lists the samples as '... air oxidized MWCNTs, KOH activated MWCNTs, and CO2 oxidized MWCNTs', reversing Table 1's order (CO2-oxidized, then KOH-activated). Table 1 governs: CO2-oxidized = 429 m2/g and 1.0 wt%, KOH-activated = 785 m2/g and 1.2 wt%. A reader mapping the text order onto the table's value column would swap them. §3.7 CONFLICT 2: the abstract, introduction (twice) and summary all state the capacity is 'less than 1.7 wt.%', but Table 1's maximum is exactly 1.7 (purified SWCNTs); the claim should read 'no more than'. Surface-area method is NOT stated anywhere: 'BET', 'Brunauer' and 'Langmuir' have zero hits, and the paper says only that the areas 'were measured to be'; porosimetry is deferred to ref [18]. The values sit in bet_surface_area_m2_g because the schema has no generic surface-area field and surface_area_method = unspecified carries the truth; extraction_confidence is 4 rather than 5 for that reason, following the HYC-0005 precedent (§8.6). These rows are therefore not eligible for BET-normalised comparison. The paper reports a SECOND apparatus: 'we also measured three of our CNT samples using an apparatus built for accurately determining the hydrogen storage capacity of carbonaceous materials by Kiyobayashi et al. [19], and the results were in the range of 0.7-0.9 wt.%' - systematically lower than Table 1, with the three samples never identified, so it cannot be recorded as rows. Apparatus: purpose-built Sieverts (spelled 'Sievelt' throughout, so a search for 'Sieverts' returns nothing), Rosemount sensors 0.075% FS at 1e-4 MPa resolution, temperature to +/-0.01 K, sample mass >= 200 mg, 120 h blank run, total leak rate 3.02e-8 mmol/s, LaNi5 calibration reproducing 1.4 wt%. No sample-volume (helium) determination is described, which is the paper's notable omission given its thesis is measurement accuracy. No uncertainty is quoted per value. Tube diameters (1.8 nm SWCNT, ~30 nm MWCNT) are NOT pore diameters and average_pore_diameter_nm is empty; this paper reports no pore data. This paper is the same authors' retraction of their 1999 Science result ('our previous reported hydrogen storage capacities were overestimated'), which is HYC-0002 in this corpus; the 4.2 wt% belongs to that record only. Fig. 3 compiles other groups' literature values and is excluded. Synthesised by floating-catalyst CVD; the vocabulary has no floating_catalyst_cvd value. No purity figure is reported for any MWCNT sample. §13.3: surface area 1 (reported, method unstated), method 2, T/P 1, uptake type 0, purity 0, calibration 1 (blank run, quantified leak rate, LaNi5 external standard), Chahine 2 = 7 -> Tier B.",HyCAN pipeline v2,2026-09-25,Agent B: 64/64 agreed,2026-09-25,HYC-0012-M3,,unspecified,,exact,false,false,isothermal,,,,,,,
HYC-0012,10.1016/j.carbon.2009.09.060,Liu,2010,Carbon,Hydrogen storage in carbon nanotubes revisited,HYC-0012-S4,MWCNT,"Air-oxidised multi-walled carbon nanotubes (MWCNT), mean tube diameter about 30 nm",cvd,air oxidation at 900 C followed by hydrochloric acid washing,air oxidation 900 C (paper's word: purified),,,,270,,,,,293.25,120.5,0.9,,unspecified,volumetric_sieverts,,"Table 1, row 4 (air-oxidized MWCNTs), p. 454",table_direct,4,B,"Conditions and uptake are per-sample from Table 1; the paper's blanket '~12 MPa' and 'room temperature' must not be substituted for them, as no two rows share a pressure. Reported as 23.0/19.0/20.5/20.1/20.1/19.9 C and 12.10/12.20/12.04/12.05/12.02/11.96 MPa in Table 1 row order; converted exactly (K = C + 273.15, bar = MPa x 10). §3.7 CONFLICT 1: the running text on p. 454 lists the samples as '... air oxidized MWCNTs, KOH activated MWCNTs, and CO2 oxidized MWCNTs', reversing Table 1's order (CO2-oxidized, then KOH-activated). Table 1 governs: CO2-oxidized = 429 m2/g and 1.0 wt%, KOH-activated = 785 m2/g and 1.2 wt%. A reader mapping the text order onto the table's value column would swap them. §3.7 CONFLICT 2: the abstract, introduction (twice) and summary all state the capacity is 'less than 1.7 wt.%', but Table 1's maximum is exactly 1.7 (purified SWCNTs); the claim should read 'no more than'. Surface-area method is NOT stated anywhere: 'BET', 'Brunauer' and 'Langmuir' have zero hits, and the paper says only that the areas 'were measured to be'; porosimetry is deferred to ref [18]. The values sit in bet_surface_area_m2_g because the schema has no generic surface-area field and surface_area_method = unspecified carries the truth; extraction_confidence is 4 rather than 5 for that reason, following the HYC-0005 precedent (§8.6). These rows are therefore not eligible for BET-normalised comparison. The paper reports a SECOND apparatus: 'we also measured three of our CNT samples using an apparatus built for accurately determining the hydrogen storage capacity of carbonaceous materials by Kiyobayashi et al. [19], and the results were in the range of 0.7-0.9 wt.%' - systematically lower than Table 1, with the three samples never identified, so it cannot be recorded as rows. Apparatus: purpose-built Sieverts (spelled 'Sievelt' throughout, so a search for 'Sieverts' returns nothing), Rosemount sensors 0.075% FS at 1e-4 MPa resolution, temperature to +/-0.01 K, sample mass >= 200 mg, 120 h blank run, total leak rate 3.02e-8 mmol/s, LaNi5 calibration reproducing 1.4 wt%. No sample-volume (helium) determination is described, which is the paper's notable omission given its thesis is measurement accuracy. No uncertainty is quoted per value. Tube diameters (1.8 nm SWCNT, ~30 nm MWCNT) are NOT pore diameters and average_pore_diameter_nm is empty; this paper reports no pore data. This paper is the same authors' retraction of their 1999 Science result ('our previous reported hydrogen storage capacities were overestimated'), which is HYC-0002 in this corpus; the 4.2 wt% belongs to that record only. Fig. 3 compiles other groups' literature values and is excluded. The paper's own word for the air oxidation is 'purified', so it is recorded in purification_method; it is repeated in activation_method because it raised the surface area 66 -> 270 m2/g and is one of the paper's three independent variables, and because the companion paper [18] is titled 'Pore structures of multi-walled carbon nanotubes activated by air, CO2 and KOH'. §13.3: surface area 1 (reported, method unstated), method 2, T/P 1, uptake type 0, purity 0, calibration 1 (blank run, quantified leak rate, LaNi5 external standard), Chahine 2 = 7 -> Tier B.",HyCAN pipeline v2,2026-09-25,Agent B: 64/64 agreed,2026-09-25,HYC-0012-M4,,unspecified,,exact,false,false,isothermal,,,,,,,
HYC-0012,10.1016/j.carbon.2009.09.060,Liu,2010,Carbon,Hydrogen storage in carbon nanotubes revisited,HYC-0012-S5,MWCNT,"CO2-oxidised multi-walled carbon nanotubes (MWCNT), mean tube diameter about 30 nm",cvd,hydrochloric acid washing,heat treatment at 850 C under CO2 atmosphere,,,,429,,,,,293.25,120.2,1.0,,unspecified,volumetric_sieverts,,"Table 1, row 5 (CO2-oxidized MWCNTs), p. 454",table_direct,4,B,"Conditions and uptake are per-sample from Table 1; the paper's blanket '~12 MPa' and 'room temperature' must not be substituted for them, as no two rows share a pressure. Reported as 23.0/19.0/20.5/20.1/20.1/19.9 C and 12.10/12.20/12.04/12.05/12.02/11.96 MPa in Table 1 row order; converted exactly (K = C + 273.15, bar = MPa x 10). §3.7 CONFLICT 1: the running text on p. 454 lists the samples as '... air oxidized MWCNTs, KOH activated MWCNTs, and CO2 oxidized MWCNTs', reversing Table 1's order (CO2-oxidized, then KOH-activated). Table 1 governs: CO2-oxidized = 429 m2/g and 1.0 wt%, KOH-activated = 785 m2/g and 1.2 wt%. A reader mapping the text order onto the table's value column would swap them. §3.7 CONFLICT 2: the abstract, introduction (twice) and summary all state the capacity is 'less than 1.7 wt.%', but Table 1's maximum is exactly 1.7 (purified SWCNTs); the claim should read 'no more than'. Surface-area method is NOT stated anywhere: 'BET', 'Brunauer' and 'Langmuir' have zero hits, and the paper says only that the areas 'were measured to be'; porosimetry is deferred to ref [18]. The values sit in bet_surface_area_m2_g because the schema has no generic surface-area field and surface_area_method = unspecified carries the truth; extraction_confidence is 4 rather than 5 for that reason, following the HYC-0005 precedent (§8.6). These rows are therefore not eligible for BET-normalised comparison. The paper reports a SECOND apparatus: 'we also measured three of our CNT samples using an apparatus built for accurately determining the hydrogen storage capacity of carbonaceous materials by Kiyobayashi et al. [19], and the results were in the range of 0.7-0.9 wt.%' - systematically lower than Table 1, with the three samples never identified, so it cannot be recorded as rows. Apparatus: purpose-built Sieverts (spelled 'Sievelt' throughout, so a search for 'Sieverts' returns nothing), Rosemount sensors 0.075% FS at 1e-4 MPa resolution, temperature to +/-0.01 K, sample mass >= 200 mg, 120 h blank run, total leak rate 3.02e-8 mmol/s, LaNi5 calibration reproducing 1.4 wt%. No sample-volume (helium) determination is described, which is the paper's notable omission given its thesis is measurement accuracy. No uncertainty is quoted per value. Tube diameters (1.8 nm SWCNT, ~30 nm MWCNT) are NOT pore diameters and average_pore_diameter_nm is empty; this paper reports no pore data. This paper is the same authors' retraction of their 1999 Science result ('our previous reported hydrogen storage capacities were overestimated'), which is HYC-0002 in this corpus; the 4.2 wt% belongs to that record only. Fig. 3 compiles other groups' literature values and is excluded. §13.3: surface area 1 (reported, method unstated), method 2, T/P 1, uptake type 0, purity 0, calibration 1 (blank run, quantified leak rate, LaNi5 external standard), Chahine 2 = 7 -> Tier B.",HyCAN pipeline v2,2026-09-25,Agent B: 64/64 agreed,2026-09-25,HYC-0012-M5,,unspecified,,exact,false,false,isothermal,,,,,,,
HYC-0012,10.1016/j.carbon.2009.09.060,Liu,2010,Carbon,Hydrogen storage in carbon nanotubes revisited,HYC-0012-S6,MWCNT,"KOH-activated multi-walled carbon nanotubes (MWCNT), mean tube diameter about 30 nm, activated from the air-oxidised purified MWCNTs",cvd,air oxidation at 900 C followed by hydrochloric acid washing,mixed with KOH powder and heat-treated at 850 C,,,,785,,,,,293.05,119.6,1.2,,unspecified,volumetric_sieverts,,"Table 1, row 6 (KOH-activated MWCNTs), p. 454",table_direct,4,B,"Conditions and uptake are per-sample from Table 1; the paper's blanket '~12 MPa' and 'room temperature' must not be substituted for them, as no two rows share a pressure. Reported as 23.0/19.0/20.5/20.1/20.1/19.9 C and 12.10/12.20/12.04/12.05/12.02/11.96 MPa in Table 1 row order; converted exactly (K = C + 273.15, bar = MPa x 10). §3.7 CONFLICT 1: the running text on p. 454 lists the samples as '... air oxidized MWCNTs, KOH activated MWCNTs, and CO2 oxidized MWCNTs', reversing Table 1's order (CO2-oxidized, then KOH-activated). Table 1 governs: CO2-oxidized = 429 m2/g and 1.0 wt%, KOH-activated = 785 m2/g and 1.2 wt%. A reader mapping the text order onto the table's value column would swap them. §3.7 CONFLICT 2: the abstract, introduction (twice) and summary all state the capacity is 'less than 1.7 wt.%', but Table 1's maximum is exactly 1.7 (purified SWCNTs); the claim should read 'no more than'. Surface-area method is NOT stated anywhere: 'BET', 'Brunauer' and 'Langmuir' have zero hits, and the paper says only that the areas 'were measured to be'; porosimetry is deferred to ref [18]. The values sit in bet_surface_area_m2_g because the schema has no generic surface-area field and surface_area_method = unspecified carries the truth; extraction_confidence is 4 rather than 5 for that reason, following the HYC-0005 precedent (§8.6). These rows are therefore not eligible for BET-normalised comparison. The paper reports a SECOND apparatus: 'we also measured three of our CNT samples using an apparatus built for accurately determining the hydrogen storage capacity of carbonaceous materials by Kiyobayashi et al. [19], and the results were in the range of 0.7-0.9 wt.%' - systematically lower than Table 1, with the three samples never identified, so it cannot be recorded as rows. Apparatus: purpose-built Sieverts (spelled 'Sievelt' throughout, so a search for 'Sieverts' returns nothing), Rosemount sensors 0.075% FS at 1e-4 MPa resolution, temperature to +/-0.01 K, sample mass >= 200 mg, 120 h blank run, total leak rate 3.02e-8 mmol/s, LaNi5 calibration reproducing 1.4 wt%. No sample-volume (helium) determination is described, which is the paper's notable omission given its thesis is measurement accuracy. No uncertainty is quoted per value. Tube diameters (1.8 nm SWCNT, ~30 nm MWCNT) are NOT pore diameters and average_pore_diameter_nm is empty; this paper reports no pore data. This paper is the same authors' retraction of their 1999 Science result ('our previous reported hydrogen storage capacities were overestimated'), which is HYC-0002 in this corpus; the 4.2 wt% belongs to that record only. Fig. 3 compiles other groups' literature values and is excluded. The KOH step starts from 'these purified MWCNTs', i.e. the air-oxidised product, so this row inherits that purification; that is an inference from the paper's demonstrative and is the only chained-treatment inference in the table. §13.3: surface area 1 (reported, method unstated), method 2, T/P 1, uptake type 0, purity 0, calibration 1 (blank run, quantified leak rate, LaNi5 external standard), Chahine 2 = 7 -> Tier B.",HyCAN pipeline v2,2026-09-25,Agent B: 64/64 agreed,2026-09-25,HYC-0012-M6,,unspecified,,exact,false,false,isothermal,,,,,,,
HYC-0017,10.1016/j.ijhydene.2008.12.079,Ma,2009,International Journal of Hydrogen Energy,Hydrogen adsorption behavior of graphene above critical temperature,HYC-0017-S1,graphene,"Pristine single-layer graphene sheets in powder form, prepared from artificial graphite by chemical exfoliation; about 80% of sheets single-layer by combined AFM, SEM and HRTEM; re-stacked in the powder state",other,,,,,no significant C-O species resolved by XPS; C/O atomic ratio 10.8-14.9,156,,,,,77,1,0.4,,unspecified,volumetric_sieverts,,"Section 3, paragraph 3 (also Abstract); pressure from Section 2 and the Fig. 2 caption",text_direct,4,B,"Paper has no tables; every value is from running text. Reported in kPa and MPa: 100 kPa -> 1 bar and 6 MPa -> 60 bar, both exact. THIRD MEASUREMENT NOT RECORDED AS A ROW: at 290 K and 6 MPa (60 bar) the paper reports only an upper bound, 'the hydrogen uptake is below 0.2 wt.% at 290 K', with no point value anywhere and no room-temperature isotherm figure. Writing 0.2 would convert a bound into a measurement, so the result is recorded here instead of as a row; the schema has no field for a censored value. That bound is this paper's headline negative result and should not be lost. Surface area is explicitly BET: 'calculated from the adsorption data on the basis of Brunauer-Emmett-Teller (BET) theory' and 'BET analysis yields a relatively low specific surface area of 156 m2 g-1'. 'Langmuir' has zero hits. Neither 'excess' nor 'absolute' occurs, so uptake_type is unspecified despite the pressure-drop procedure being excess-type in practice. material_class stays graphene and synthesis_method other on the paper's own words: it says only 'a chemical exfoliation method' from artificial graphite (not in the vocabulary) and never uses 'oxide', 'oxidation' or 'reduction'. Verification flagged that the XPS C/O ratio of 10.8-14.9 (about 6-9 at% oxygen) is more typical of well-reduced graphene oxide than of never-oxidised graphene, and that ref [10] (Wu et al., Carbon 2008, doi 10.1016/j.carbon.2008.10.031) would settle the route. The §8.6 HYC-0016 relabel was done on rows whose own material_description read 'Reduced graphene oxide'; relabelling here would rest on a C/O inference instead, so it is recorded rather than applied. Revisit if ref [10] is obtained. Apparatus: two volumetric systems. The 290 K instrument is the one the paper calls 'a Sieverts' type apparatus'; the 77 and 87 K measurements used 'a cryogenic-temperature swing-pressure apparatus', volumetric but never called Sieverts, and the vocabulary has no plain volumetric value. Neither instrument is identified by manufacturer or model; both are cited only to the authors' own refs [11] and [12]. Sample mass 'at least 150 mg', degassed at 350 C under dynamic vacuum for 2 h, temperature to +/-0.1 K, ideal-gas equation corrected with compressibility factors, H2 99.999% further purified through a hydrogen-storage-alloy getter, three independent measurements per temperature. Leak tests were run before each measurement, but no calibration, blank, dead-volume or void-volume determination is described, and no scatter is reported despite the replicates, so uncertainty_wt_pct is empty. Pore structure is described only qualitatively (macropores from re-stacking, mesopores from the hysteresis loop, 'a small amount of micropores'); no pore volume or diameter is given as a number anywhere, so all pore fields are empty. The isosteric heat, about 3 kJ/mol at zero coverage falling to 0.85 kJ/mol at ~0.4 wt%, has no schema field. PHYSICAL TENSION worth carrying forward: 0.4 wt% at 77 K and only 1 bar from 156 m2/g is high for the pressure and will surface as a high-side outlier under surface-area normalisation, even though the paper's own framing and its 0.85 kJ/mol isosteric heat argue weak binding. That is why Chahine scores 1 rather than 2. §13.3: BET 2, method 2, T/P 1, uptake type 0, purity 1 (XPS oxygen content), calibration 0, Chahine 1 = 7 -> Tier B. Traps: Fig. 1's 500 cm3/g y-axis maximum is the N2 isotherm scale, not a hydrogen uptake, and would validate cleanly in uptake_ml_stp_g; 3 and 0.85 are kJ/mol, not wt%; 350 C is the degas temperature; the C/O ratio is not a surface area. HYC-0018's Table 3 quotes a 156 m2/g / 0.4 wt% pair that is almost certainly this paper - do not double-enter it. extraction_confidence 4 rather than 5: the body reports this as 'ca. 0.4 wt.%' while the abstract states 0.4 flat.",HyCAN pipeline v2,2026-09-25,Agent B: 26/26 agreed,2026-09-25,HYC-0017-M1,,BET,,exact,false,false,isothermal,,,,,,,
HYC-0017,10.1016/j.ijhydene.2008.12.079,Ma,2009,International Journal of Hydrogen Energy,Hydrogen adsorption behavior of graphene above critical temperature,HYC-0017-S1,graphene,"Pristine single-layer graphene sheets in powder form, prepared from artificial graphite by chemical exfoliation; about 80% of sheets single-layer by combined AFM, SEM and HRTEM; re-stacked in the powder state",other,,,,,no significant C-O species resolved by XPS; C/O atomic ratio 10.8-14.9,156,,,,,87,1,0.35,,unspecified,volumetric_sieverts,,"Section 3, paragraph 3 ('decreased to 0.35 wt.% upon increasing temperature to 87 K'); pressure from Section 2 and the Fig. 2 caption",text_direct,3,B,"Paper has no tables; every value is from running text. Reported in kPa and MPa: 100 kPa -> 1 bar and 6 MPa -> 60 bar, both exact. THIRD MEASUREMENT NOT RECORDED AS A ROW: at 290 K and 6 MPa (60 bar) the paper reports only an upper bound, 'the hydrogen uptake is below 0.2 wt.% at 290 K', with no point value anywhere and no room-temperature isotherm figure. Writing 0.2 would convert a bound into a measurement, so the result is recorded here instead of as a row; the schema has no field for a censored value. That bound is this paper's headline negative result and should not be lost. Surface area is explicitly BET: 'calculated from the adsorption data on the basis of Brunauer-Emmett-Teller (BET) theory' and 'BET analysis yields a relatively low specific surface area of 156 m2 g-1'. 'Langmuir' has zero hits. Neither 'excess' nor 'absolute' occurs, so uptake_type is unspecified despite the pressure-drop procedure being excess-type in practice. material_class stays graphene and synthesis_method other on the paper's own words: it says only 'a chemical exfoliation method' from artificial graphite (not in the vocabulary) and never uses 'oxide', 'oxidation' or 'reduction'. Verification flagged that the XPS C/O ratio of 10.8-14.9 (about 6-9 at% oxygen) is more typical of well-reduced graphene oxide than of never-oxidised graphene, and that ref [10] (Wu et al., Carbon 2008, doi 10.1016/j.carbon.2008.10.031) would settle the route. The §8.6 HYC-0016 relabel was done on rows whose own material_description read 'Reduced graphene oxide'; relabelling here would rest on a C/O inference instead, so it is recorded rather than applied. Revisit if ref [10] is obtained. Apparatus: two volumetric systems. The 290 K instrument is the one the paper calls 'a Sieverts' type apparatus'; the 77 and 87 K measurements used 'a cryogenic-temperature swing-pressure apparatus', volumetric but never called Sieverts, and the vocabulary has no plain volumetric value. Neither instrument is identified by manufacturer or model; both are cited only to the authors' own refs [11] and [12]. Sample mass 'at least 150 mg', degassed at 350 C under dynamic vacuum for 2 h, temperature to +/-0.1 K, ideal-gas equation corrected with compressibility factors, H2 99.999% further purified through a hydrogen-storage-alloy getter, three independent measurements per temperature. Leak tests were run before each measurement, but no calibration, blank, dead-volume or void-volume determination is described, and no scatter is reported despite the replicates, so uncertainty_wt_pct is empty. Pore structure is described only qualitatively (macropores from re-stacking, mesopores from the hysteresis loop, 'a small amount of micropores'); no pore volume or diameter is given as a number anywhere, so all pore fields are empty. The isosteric heat, about 3 kJ/mol at zero coverage falling to 0.85 kJ/mol at ~0.4 wt%, has no schema field. PHYSICAL TENSION worth carrying forward: 0.4 wt% at 77 K and only 1 bar from 156 m2/g is high for the pressure and will surface as a high-side outlier under surface-area normalisation, even though the paper's own framing and its 0.85 kJ/mol isosteric heat argue weak binding. That is why Chahine scores 1 rather than 2. §13.3: BET 2, method 2, T/P 1, uptake type 0, purity 1 (XPS oxygen content), calibration 0, Chahine 1 = 7 -> Tier B. Traps: Fig. 1's 500 cm3/g y-axis maximum is the N2 isotherm scale, not a hydrogen uptake, and would validate cleanly in uptake_ml_stp_g; 3 and 0.85 are kJ/mol, not wt%; 350 C is the degas temperature; the C/O ratio is not a surface area. HYC-0018's Table 3 quotes a 156 m2/g / 0.4 wt% pair that is almost certainly this paper - do not double-enter it. extraction_confidence 3: this value appears exactly once, is absent from the abstract, and its sentence does not restate the pressure - 100 kPa comes from the preceding clause, from Section 2 ('at 77 K and 87 K up to 100 kPa') and from the Fig. 2 caption.",HyCAN pipeline v2,2026-09-25,Agent B: 26/26 agreed,2026-09-25,HYC-0017-M2,,BET,,exact,false,false,isothermal,,,,,,,
HYC-0019,10.1016/j.seppur.2009.10.009,Huang,2010,Separation and Purification Technology,Effect of surface oxides on hydrogen storage of activated carbon,HYC-0019-S1,activated_carbon,"Litchi-wood KOH-activated carbon, pristine, not oxidised (paper's AC)",carbonization,"HCl wash to remove potassium species, filtered, dried at 378 K","KOH chemical activation, char:KOH 1:4 by mass, 1073 K for 2 h under N2",,,"Boehm titration: acidic 0.072 mmol/g, basic 0.537 mmol/g; XPS C 1s resolves phenol-ether (286.3 eV), carbonyl-quinone (287.4 eV) and carboxyl (288.9 eV)",2623,,0.72,,,77,1,2.554,,unspecified,volumetric_sieverts,,"Table 1, row AC, H2 capacity column b (condition from footnote b)",table_direct,4,B,"Litchi-wood KOH-activated carbon, six samples, each measured at two conditions. All values from Table 1; the conditions come from its own footnotes b and c. §3.7 CONFLICT: the high pressure is stated twice as 5.7 MPa (Table 1 footnote c and twice in §3.3) and three times as 6 MPa (abstract and §2 twice). 6 MPa is the apparatus ceiling and the stepwise maximum; 5.7 MPa is the pressure of the tabulated uptakes, so 57 bar is recorded, not 60. Low pressure 0.1 MPa -> 1 bar. Both conversions exact. surface_area_method BET is explicit: 'Specific surface area (SBET) was calculated using a BET equation at relative pressures between 0.05 and 0.3'. Neither 'excess' nor 'absolute' is used of an uptake (the two 'excess' hits describe acidic groups), so uptake_type is unspecified. micropore_volume_cm3_g PROVENANCE: Table 1 footnote a gives it as the D-R equation applied to CO2 isotherms at 273 K, not N2 and not DFT (§2 also names DFT/slit-pore; the footnote is the table's own statement and governs). So SBET (N2, 77 K) and Vmic (CO2, 273 K) on the same row come from different probe gases, which the schema cannot record and which explains why SBET falls while Vmic rises across the first four samples. synthesis_method stays carbonization on all six rows rather than splitting the five oxidised samples to chemical_oxidation: in this vocabulary chemical_oxidation is a graphite-oxide-route synthesis value, the oxidation here is a post-synthesis surface treatment, and splitting would make the six rows of a controlled single-variable study non-comparable on the one field saying how the carbon was made. The oxidant, concentration, temperature and duration are in material_description; the vocabulary has no chemical_activation value. NOT STORABLE: Boehm-titration acidic and basic group amounts in mmol/g are this paper's independent variable and the basis of its 0.8 mmol/g threshold claim; they survive only as text in functional_groups. Table 2 (24 XPS at% values plus six Cox/Cgr ratios) is lost entirely. No ash content, no residual potassium analysis despite KOH activation, and no uncertainty on any uptake. Apparatus: two different volumetric rigs, one per condition, neither identified by manufacturer or model; ~200 mg sample; outgassed under vacuum at 573 K for 3 h; dead volume determined with helium and cross-checked against LaNi5 reference-hydride data. No blank run and no leak check. §13.3: BET 2, method 2, T/P 1, uptake type 0, purity 0, calibration 1 (He dead volume plus LaNi5), Chahine 2 = 8 -> Tier B. extraction_confidence 4 because the paper contradicts itself on a recorded field (pressure). CAUTION for later readers: §3.2 and §3.3 refer to 'AC-3NA-100' and 'AC-HPO-50', neither of which is a row of Table 1; they are residual Celsius suffixes for AC-3NA-373 and AC-HPO-323 (confirmed arithmetically) and must not be read as two further samples. Traps: the mmol/g group amounts sit beside the uptake columns in the same table; AX-21's 2513 m2/g, 0.68 cm3/g and 0.46 wt% at 298 K / 6 MPa are ref [24]'s, not this paper's; the 750-3400 m2/g range is ref [29]'s.",HyCAN pipeline v2,2026-09-25,Agent B: 78/78 agreed,2026-09-25,HYC-0019-M1,,BET,,exact,false,false,isothermal,,,,,,,
HYC-0019,10.1016/j.seppur.2009.10.009,Huang,2010,Separation and Purification Technology,Effect of surface oxides on hydrogen storage of activated carbon,HYC-0019-S1,activated_carbon,"Litchi-wood KOH-activated carbon, pristine, not oxidised (paper's AC)",carbonization,"HCl wash to remove potassium species, filtered, dried at 378 K","KOH chemical activation, char:KOH 1:4 by mass, 1073 K for 2 h under N2",,,"Boehm titration: acidic 0.072 mmol/g, basic 0.537 mmol/g; XPS C 1s resolves phenol-ether (286.3 eV), carbonyl-quinone (287.4 eV) and carboxyl (288.9 eV)",2623,,0.72,,,303,57,0.411,,unspecified,volumetric_sieverts,,"Table 1, row AC, H2 capacity column c (condition from footnote c)",table_direct,4,B,"Litchi-wood KOH-activated carbon, six samples, each measured at two conditions. All values from Table 1; the conditions come from its own footnotes b and c. §3.7 CONFLICT: the high pressure is stated twice as 5.7 MPa (Table 1 footnote c and twice in §3.3) and three times as 6 MPa (abstract and §2 twice). 6 MPa is the apparatus ceiling and the stepwise maximum; 5.7 MPa is the pressure of the tabulated uptakes, so 57 bar is recorded, not 60. Low pressure 0.1 MPa -> 1 bar. Both conversions exact. surface_area_method BET is explicit: 'Specific surface area (SBET) was calculated using a BET equation at relative pressures between 0.05 and 0.3'. Neither 'excess' nor 'absolute' is used of an uptake (the two 'excess' hits describe acidic groups), so uptake_type is unspecified. micropore_volume_cm3_g PROVENANCE: Table 1 footnote a gives it as the D-R equation applied to CO2 isotherms at 273 K, not N2 and not DFT (§2 also names DFT/slit-pore; the footnote is the table's own statement and governs). So SBET (N2, 77 K) and Vmic (CO2, 273 K) on the same row come from different probe gases, which the schema cannot record and which explains why SBET falls while Vmic rises across the first four samples. synthesis_method stays carbonization on all six rows rather than splitting the five oxidised samples to chemical_oxidation: in this vocabulary chemical_oxidation is a graphite-oxide-route synthesis value, the oxidation here is a post-synthesis surface treatment, and splitting would make the six rows of a controlled single-variable study non-comparable on the one field saying how the carbon was made. The oxidant, concentration, temperature and duration are in material_description; the vocabulary has no chemical_activation value. NOT STORABLE: Boehm-titration acidic and basic group amounts in mmol/g are this paper's independent variable and the basis of its 0.8 mmol/g threshold claim; they survive only as text in functional_groups. Table 2 (24 XPS at% values plus six Cox/Cgr ratios) is lost entirely. No ash content, no residual potassium analysis despite KOH activation, and no uncertainty on any uptake. Apparatus: two different volumetric rigs, one per condition, neither identified by manufacturer or model; ~200 mg sample; outgassed under vacuum at 573 K for 3 h; dead volume determined with helium and cross-checked against LaNi5 reference-hydride data. No blank run and no leak check. §13.3: BET 2, method 2, T/P 1, uptake type 0, purity 0, calibration 1 (He dead volume plus LaNi5), Chahine 2 = 8 -> Tier B. extraction_confidence 4 because the paper contradicts itself on a recorded field (pressure). CAUTION for later readers: §3.2 and §3.3 refer to 'AC-3NA-100' and 'AC-HPO-50', neither of which is a row of Table 1; they are residual Celsius suffixes for AC-3NA-373 and AC-HPO-323 (confirmed arithmetically) and must not be read as two further samples. Traps: the mmol/g group amounts sit beside the uptake columns in the same table; AX-21's 2513 m2/g, 0.68 cm3/g and 0.46 wt% at 298 K / 6 MPa are ref [24]'s, not this paper's; the 750-3400 m2/g range is ref [29]'s.",HyCAN pipeline v2,2026-09-25,Agent B: 78/78 agreed,2026-09-25,HYC-0019-M2,,BET,,exact,false,false,isothermal,,,,,,,
HYC-0019,10.1016/j.seppur.2009.10.009,Huang,2010,Separation and Purification Technology,Effect of surface oxides on hydrogen storage of activated carbon,HYC-0019-S2,activated_carbon,Litchi-wood KOH-activated carbon oxidised in 1N HNO3 for 24 h at 303 K (paper's AC-1NA-303),carbonization,"HCl wash to remove potassium species, filtered, dried at 378 K","KOH chemical activation, char:KOH 1:4 by mass, 1073 K for 2 h under N2",,,"Boehm titration: acidic 0.469 mmol/g, basic 0.306 mmol/g; XPS C 1s resolves phenol-ether (286.3 eV), carbonyl-quinone (287.4 eV) and carboxyl (288.9 eV)",2675,,0.80,,,77,1,2.645,,unspecified,volumetric_sieverts,,"Table 1, row AC-1NA-303, H2 capacity column b (condition from footnote b)",table_direct,4,B,"Litchi-wood KOH-activated carbon, six samples, each measured at two conditions. All values from Table 1; the conditions come from its own footnotes b and c. §3.7 CONFLICT: the high pressure is stated twice as 5.7 MPa (Table 1 footnote c and twice in §3.3) and three times as 6 MPa (abstract and §2 twice). 6 MPa is the apparatus ceiling and the stepwise maximum; 5.7 MPa is the pressure of the tabulated uptakes, so 57 bar is recorded, not 60. Low pressure 0.1 MPa -> 1 bar. Both conversions exact. surface_area_method BET is explicit: 'Specific surface area (SBET) was calculated using a BET equation at relative pressures between 0.05 and 0.3'. Neither 'excess' nor 'absolute' is used of an uptake (the two 'excess' hits describe acidic groups), so uptake_type is unspecified. micropore_volume_cm3_g PROVENANCE: Table 1 footnote a gives it as the D-R equation applied to CO2 isotherms at 273 K, not N2 and not DFT (§2 also names DFT/slit-pore; the footnote is the table's own statement and governs). So SBET (N2, 77 K) and Vmic (CO2, 273 K) on the same row come from different probe gases, which the schema cannot record and which explains why SBET falls while Vmic rises across the first four samples. synthesis_method stays carbonization on all six rows rather than splitting the five oxidised samples to chemical_oxidation: in this vocabulary chemical_oxidation is a graphite-oxide-route synthesis value, the oxidation here is a post-synthesis surface treatment, and splitting would make the six rows of a controlled single-variable study non-comparable on the one field saying how the carbon was made. The oxidant, concentration, temperature and duration are in material_description; the vocabulary has no chemical_activation value. NOT STORABLE: Boehm-titration acidic and basic group amounts in mmol/g are this paper's independent variable and the basis of its 0.8 mmol/g threshold claim; they survive only as text in functional_groups. Table 2 (24 XPS at% values plus six Cox/Cgr ratios) is lost entirely. No ash content, no residual potassium analysis despite KOH activation, and no uncertainty on any uptake. Apparatus: two different volumetric rigs, one per condition, neither identified by manufacturer or model; ~200 mg sample; outgassed under vacuum at 573 K for 3 h; dead volume determined with helium and cross-checked against LaNi5 reference-hydride data. No blank run and no leak check. §13.3: BET 2, method 2, T/P 1, uptake type 0, purity 0, calibration 1 (He dead volume plus LaNi5), Chahine 2 = 8 -> Tier B. extraction_confidence 4 because the paper contradicts itself on a recorded field (pressure). CAUTION for later readers: §3.2 and §3.3 refer to 'AC-3NA-100' and 'AC-HPO-50', neither of which is a row of Table 1; they are residual Celsius suffixes for AC-3NA-373 and AC-HPO-323 (confirmed arithmetically) and must not be read as two further samples. Traps: the mmol/g group amounts sit beside the uptake columns in the same table; AX-21's 2513 m2/g, 0.68 cm3/g and 0.46 wt% at 298 K / 6 MPa are ref [24]'s, not this paper's; the 750-3400 m2/g range is ref [29]'s.",HyCAN pipeline v2,2026-09-25,Agent B: 78/78 agreed,2026-09-25,HYC-0019-M3,,BET,,exact,false,false,isothermal,,,,,,,
HYC-0019,10.1016/j.seppur.2009.10.009,Huang,2010,Separation and Purification Technology,Effect of surface oxides on hydrogen storage of activated carbon,HYC-0019-S2,activated_carbon,Litchi-wood KOH-activated carbon oxidised in 1N HNO3 for 24 h at 303 K (paper's AC-1NA-303),carbonization,"HCl wash to remove potassium species, filtered, dried at 378 K","KOH chemical activation, char:KOH 1:4 by mass, 1073 K for 2 h under N2",,,"Boehm titration: acidic 0.469 mmol/g, basic 0.306 mmol/g; XPS C 1s resolves phenol-ether (286.3 eV), carbonyl-quinone (287.4 eV) and carboxyl (288.9 eV)",2675,,0.80,,,303,57,0.427,,unspecified,volumetric_sieverts,,"Table 1, row AC-1NA-303, H2 capacity column c (condition from footnote c)",table_direct,4,B,"Litchi-wood KOH-activated carbon, six samples, each measured at two conditions. All values from Table 1; the conditions come from its own footnotes b and c. §3.7 CONFLICT: the high pressure is stated twice as 5.7 MPa (Table 1 footnote c and twice in §3.3) and three times as 6 MPa (abstract and §2 twice). 6 MPa is the apparatus ceiling and the stepwise maximum; 5.7 MPa is the pressure of the tabulated uptakes, so 57 bar is recorded, not 60. Low pressure 0.1 MPa -> 1 bar. Both conversions exact. surface_area_method BET is explicit: 'Specific surface area (SBET) was calculated using a BET equation at relative pressures between 0.05 and 0.3'. Neither 'excess' nor 'absolute' is used of an uptake (the two 'excess' hits describe acidic groups), so uptake_type is unspecified. micropore_volume_cm3_g PROVENANCE: Table 1 footnote a gives it as the D-R equation applied to CO2 isotherms at 273 K, not N2 and not DFT (§2 also names DFT/slit-pore; the footnote is the table's own statement and governs). So SBET (N2, 77 K) and Vmic (CO2, 273 K) on the same row come from different probe gases, which the schema cannot record and which explains why SBET falls while Vmic rises across the first four samples. synthesis_method stays carbonization on all six rows rather than splitting the five oxidised samples to chemical_oxidation: in this vocabulary chemical_oxidation is a graphite-oxide-route synthesis value, the oxidation here is a post-synthesis surface treatment, and splitting would make the six rows of a controlled single-variable study non-comparable on the one field saying how the carbon was made. The oxidant, concentration, temperature and duration are in material_description; the vocabulary has no chemical_activation value. NOT STORABLE: Boehm-titration acidic and basic group amounts in mmol/g are this paper's independent variable and the basis of its 0.8 mmol/g threshold claim; they survive only as text in functional_groups. Table 2 (24 XPS at% values plus six Cox/Cgr ratios) is lost entirely. No ash content, no residual potassium analysis despite KOH activation, and no uncertainty on any uptake. Apparatus: two different volumetric rigs, one per condition, neither identified by manufacturer or model; ~200 mg sample; outgassed under vacuum at 573 K for 3 h; dead volume determined with helium and cross-checked against LaNi5 reference-hydride data. No blank run and no leak check. §13.3: BET 2, method 2, T/P 1, uptake type 0, purity 0, calibration 1 (He dead volume plus LaNi5), Chahine 2 = 8 -> Tier B. extraction_confidence 4 because the paper contradicts itself on a recorded field (pressure). CAUTION for later readers: §3.2 and §3.3 refer to 'AC-3NA-100' and 'AC-HPO-50', neither of which is a row of Table 1; they are residual Celsius suffixes for AC-3NA-373 and AC-HPO-323 (confirmed arithmetically) and must not be read as two further samples. Traps: the mmol/g group amounts sit beside the uptake columns in the same table; AX-21's 2513 m2/g, 0.68 cm3/g and 0.46 wt% at 298 K / 6 MPa are ref [24]'s, not this paper's; the 750-3400 m2/g range is ref [29]'s.",HyCAN pipeline v2,2026-09-25,Agent B: 78/78 agreed,2026-09-25,HYC-0019-M4,,BET,,exact,false,false,isothermal,,,,,,,
HYC-0019,10.1016/j.seppur.2009.10.009,Huang,2010,Separation and Purification Technology,Effect of surface oxides on hydrogen storage of activated carbon,HYC-0019-S3,activated_carbon,Litchi-wood KOH-activated carbon oxidised in 3N HNO3 for 24 h at 303 K (paper's AC-3NA-303),carbonization,"HCl wash to remove potassium species, filtered, dried at 378 K","KOH chemical activation, char:KOH 1:4 by mass, 1073 K for 2 h under N2",,,"Boehm titration: acidic 0.799 mmol/g, basic 0.265 mmol/g; XPS C 1s resolves phenol-ether (286.3 eV), carbonyl-quinone (287.4 eV) and carboxyl (288.9 eV)",2358,,0.84,,,77,1,2.466,,unspecified,volumetric_sieverts,,"Table 1, row AC-3NA-303, H2 capacity column b (condition from footnote b)",table_direct,4,B,"Litchi-wood KOH-activated carbon, six samples, each measured at two conditions. All values from Table 1; the conditions come from its own footnotes b and c. §3.7 CONFLICT: the high pressure is stated twice as 5.7 MPa (Table 1 footnote c and twice in §3.3) and three times as 6 MPa (abstract and §2 twice). 6 MPa is the apparatus ceiling and the stepwise maximum; 5.7 MPa is the pressure of the tabulated uptakes, so 57 bar is recorded, not 60. Low pressure 0.1 MPa -> 1 bar. Both conversions exact. surface_area_method BET is explicit: 'Specific surface area (SBET) was calculated using a BET equation at relative pressures between 0.05 and 0.3'. Neither 'excess' nor 'absolute' is used of an uptake (the two 'excess' hits describe acidic groups), so uptake_type is unspecified. micropore_volume_cm3_g PROVENANCE: Table 1 footnote a gives it as the D-R equation applied to CO2 isotherms at 273 K, not N2 and not DFT (§2 also names DFT/slit-pore; the footnote is the table's own statement and governs). So SBET (N2, 77 K) and Vmic (CO2, 273 K) on the same row come from different probe gases, which the schema cannot record and which explains why SBET falls while Vmic rises across the first four samples. synthesis_method stays carbonization on all six rows rather than splitting the five oxidised samples to chemical_oxidation: in this vocabulary chemical_oxidation is a graphite-oxide-route synthesis value, the oxidation here is a post-synthesis surface treatment, and splitting would make the six rows of a controlled single-variable study non-comparable on the one field saying how the carbon was made. The oxidant, concentration, temperature and duration are in material_description; the vocabulary has no chemical_activation value. NOT STORABLE: Boehm-titration acidic and basic group amounts in mmol/g are this paper's independent variable and the basis of its 0.8 mmol/g threshold claim; they survive only as text in functional_groups. Table 2 (24 XPS at% values plus six Cox/Cgr ratios) is lost entirely. No ash content, no residual potassium analysis despite KOH activation, and no uncertainty on any uptake. Apparatus: two different volumetric rigs, one per condition, neither identified by manufacturer or model; ~200 mg sample; outgassed under vacuum at 573 K for 3 h; dead volume determined with helium and cross-checked against LaNi5 reference-hydride data. No blank run and no leak check. §13.3: BET 2, method 2, T/P 1, uptake type 0, purity 0, calibration 1 (He dead volume plus LaNi5), Chahine 2 = 8 -> Tier B. extraction_confidence 4 because the paper contradicts itself on a recorded field (pressure). CAUTION for later readers: §3.2 and §3.3 refer to 'AC-3NA-100' and 'AC-HPO-50', neither of which is a row of Table 1; they are residual Celsius suffixes for AC-3NA-373 and AC-HPO-323 (confirmed arithmetically) and must not be read as two further samples. Traps: the mmol/g group amounts sit beside the uptake columns in the same table; AX-21's 2513 m2/g, 0.68 cm3/g and 0.46 wt% at 298 K / 6 MPa are ref [24]'s, not this paper's; the 750-3400 m2/g range is ref [29]'s.",HyCAN pipeline v2,2026-09-25,Agent B: 78/78 agreed,2026-09-25,HYC-0019-M5,,BET,,exact,false,false,isothermal,,,,,,,
HYC-0019,10.1016/j.seppur.2009.10.009,Huang,2010,Separation and Purification Technology,Effect of surface oxides on hydrogen storage of activated carbon,HYC-0019-S3,activated_carbon,Litchi-wood KOH-activated carbon oxidised in 3N HNO3 for 24 h at 303 K (paper's AC-3NA-303),carbonization,"HCl wash to remove potassium species, filtered, dried at 378 K","KOH chemical activation, char:KOH 1:4 by mass, 1073 K for 2 h under N2",,,"Boehm titration: acidic 0.799 mmol/g, basic 0.265 mmol/g; XPS C 1s resolves phenol-ether (286.3 eV), carbonyl-quinone (287.4 eV) and carboxyl (288.9 eV)",2358,,0.84,,,303,57,0.352,,unspecified,volumetric_sieverts,,"Table 1, row AC-3NA-303, H2 capacity column c (condition from footnote c)",table_direct,4,B,"Litchi-wood KOH-activated carbon, six samples, each measured at two conditions. All values from Table 1; the conditions come from its own footnotes b and c. §3.7 CONFLICT: the high pressure is stated twice as 5.7 MPa (Table 1 footnote c and twice in §3.3) and three times as 6 MPa (abstract and §2 twice). 6 MPa is the apparatus ceiling and the stepwise maximum; 5.7 MPa is the pressure of the tabulated uptakes, so 57 bar is recorded, not 60. Low pressure 0.1 MPa -> 1 bar. Both conversions exact. surface_area_method BET is explicit: 'Specific surface area (SBET) was calculated using a BET equation at relative pressures between 0.05 and 0.3'. Neither 'excess' nor 'absolute' is used of an uptake (the two 'excess' hits describe acidic groups), so uptake_type is unspecified. micropore_volume_cm3_g PROVENANCE: Table 1 footnote a gives it as the D-R equation applied to CO2 isotherms at 273 K, not N2 and not DFT (§2 also names DFT/slit-pore; the footnote is the table's own statement and governs). So SBET (N2, 77 K) and Vmic (CO2, 273 K) on the same row come from different probe gases, which the schema cannot record and which explains why SBET falls while Vmic rises across the first four samples. synthesis_method stays carbonization on all six rows rather than splitting the five oxidised samples to chemical_oxidation: in this vocabulary chemical_oxidation is a graphite-oxide-route synthesis value, the oxidation here is a post-synthesis surface treatment, and splitting would make the six rows of a controlled single-variable study non-comparable on the one field saying how the carbon was made. The oxidant, concentration, temperature and duration are in material_description; the vocabulary has no chemical_activation value. NOT STORABLE: Boehm-titration acidic and basic group amounts in mmol/g are this paper's independent variable and the basis of its 0.8 mmol/g threshold claim; they survive only as text in functional_groups. Table 2 (24 XPS at% values plus six Cox/Cgr ratios) is lost entirely. No ash content, no residual potassium analysis despite KOH activation, and no uncertainty on any uptake. Apparatus: two different volumetric rigs, one per condition, neither identified by manufacturer or model; ~200 mg sample; outgassed under vacuum at 573 K for 3 h; dead volume determined with helium and cross-checked against LaNi5 reference-hydride data. No blank run and no leak check. §13.3: BET 2, method 2, T/P 1, uptake type 0, purity 0, calibration 1 (He dead volume plus LaNi5), Chahine 2 = 8 -> Tier B. extraction_confidence 4 because the paper contradicts itself on a recorded field (pressure). CAUTION for later readers: §3.2 and §3.3 refer to 'AC-3NA-100' and 'AC-HPO-50', neither of which is a row of Table 1; they are residual Celsius suffixes for AC-3NA-373 and AC-HPO-323 (confirmed arithmetically) and must not be read as two further samples. Traps: the mmol/g group amounts sit beside the uptake columns in the same table; AX-21's 2513 m2/g, 0.68 cm3/g and 0.46 wt% at 298 K / 6 MPa are ref [24]'s, not this paper's; the 750-3400 m2/g range is ref [29]'s.",HyCAN pipeline v2,2026-09-25,Agent B: 78/78 agreed,2026-09-25,HYC-0019-M6,,BET,,exact,false,false,isothermal,,,,,,,
HYC-0019,10.1016/j.seppur.2009.10.009,Huang,2010,Separation and Purification Technology,Effect of surface oxides on hydrogen storage of activated carbon,HYC-0019-S4,activated_carbon,Litchi-wood KOH-activated carbon oxidised in 3N HNO3 for 24 h at 323 K (paper's AC-3NA-323),carbonization,"HCl wash to remove potassium species, filtered, dried at 378 K","KOH chemical activation, char:KOH 1:4 by mass, 1073 K for 2 h under N2",,,"Boehm titration: acidic 0.913 mmol/g, basic 0.245 mmol/g; XPS C 1s resolves phenol-ether (286.3 eV), carbonyl-quinone (287.4 eV) and carboxyl (288.9 eV)",2317,,0.83,,,77,1,1.941,,unspecified,volumetric_sieverts,,"Table 1, row AC-3NA-323, H2 capacity column b (condition from footnote b)",table_direct,4,B,"Litchi-wood KOH-activated carbon, six samples, each measured at two conditions. All values from Table 1; the conditions come from its own footnotes b and c. §3.7 CONFLICT: the high pressure is stated twice as 5.7 MPa (Table 1 footnote c and twice in §3.3) and three times as 6 MPa (abstract and §2 twice). 6 MPa is the apparatus ceiling and the stepwise maximum; 5.7 MPa is the pressure of the tabulated uptakes, so 57 bar is recorded, not 60. Low pressure 0.1 MPa -> 1 bar. Both conversions exact. surface_area_method BET is explicit: 'Specific surface area (SBET) was calculated using a BET equation at relative pressures between 0.05 and 0.3'. Neither 'excess' nor 'absolute' is used of an uptake (the two 'excess' hits describe acidic groups), so uptake_type is unspecified. micropore_volume_cm3_g PROVENANCE: Table 1 footnote a gives it as the D-R equation applied to CO2 isotherms at 273 K, not N2 and not DFT (§2 also names DFT/slit-pore; the footnote is the table's own statement and governs). So SBET (N2, 77 K) and Vmic (CO2, 273 K) on the same row come from different probe gases, which the schema cannot record and which explains why SBET falls while Vmic rises across the first four samples. synthesis_method stays carbonization on all six rows rather than splitting the five oxidised samples to chemical_oxidation: in this vocabulary chemical_oxidation is a graphite-oxide-route synthesis value, the oxidation here is a post-synthesis surface treatment, and splitting would make the six rows of a controlled single-variable study non-comparable on the one field saying how the carbon was made. The oxidant, concentration, temperature and duration are in material_description; the vocabulary has no chemical_activation value. NOT STORABLE: Boehm-titration acidic and basic group amounts in mmol/g are this paper's independent variable and the basis of its 0.8 mmol/g threshold claim; they survive only as text in functional_groups. Table 2 (24 XPS at% values plus six Cox/Cgr ratios) is lost entirely. No ash content, no residual potassium analysis despite KOH activation, and no uncertainty on any uptake. Apparatus: two different volumetric rigs, one per condition, neither identified by manufacturer or model; ~200 mg sample; outgassed under vacuum at 573 K for 3 h; dead volume determined with helium and cross-checked against LaNi5 reference-hydride data. No blank run and no leak check. §13.3: BET 2, method 2, T/P 1, uptake type 0, purity 0, calibration 1 (He dead volume plus LaNi5), Chahine 2 = 8 -> Tier B. extraction_confidence 4 because the paper contradicts itself on a recorded field (pressure). CAUTION for later readers: §3.2 and §3.3 refer to 'AC-3NA-100' and 'AC-HPO-50', neither of which is a row of Table 1; they are residual Celsius suffixes for AC-3NA-373 and AC-HPO-323 (confirmed arithmetically) and must not be read as two further samples. Traps: the mmol/g group amounts sit beside the uptake columns in the same table; AX-21's 2513 m2/g, 0.68 cm3/g and 0.46 wt% at 298 K / 6 MPa are ref [24]'s, not this paper's; the 750-3400 m2/g range is ref [29]'s.",HyCAN pipeline v2,2026-09-25,Agent B: 78/78 agreed,2026-09-25,HYC-0019-M7,,BET,,exact,false,false,isothermal,,,,,,,
HYC-0019,10.1016/j.seppur.2009.10.009,Huang,2010,Separation and Purification Technology,Effect of surface oxides on hydrogen storage of activated carbon,HYC-0019-S4,activated_carbon,Litchi-wood KOH-activated carbon oxidised in 3N HNO3 for 24 h at 323 K (paper's AC-3NA-323),carbonization,"HCl wash to remove potassium species, filtered, dried at 378 K","KOH chemical activation, char:KOH 1:4 by mass, 1073 K for 2 h under N2",,,"Boehm titration: acidic 0.913 mmol/g, basic 0.245 mmol/g; XPS C 1s resolves phenol-ether (286.3 eV), carbonyl-quinone (287.4 eV) and carboxyl (288.9 eV)",2317,,0.83,,,303,57,0.321,,unspecified,volumetric_sieverts,,"Table 1, row AC-3NA-323, H2 capacity column c (condition from footnote c)",table_direct,4,B,"Litchi-wood KOH-activated carbon, six samples, each measured at two conditions. All values from Table 1; the conditions come from its own footnotes b and c. §3.7 CONFLICT: the high pressure is stated twice as 5.7 MPa (Table 1 footnote c and twice in §3.3) and three times as 6 MPa (abstract and §2 twice). 6 MPa is the apparatus ceiling and the stepwise maximum; 5.7 MPa is the pressure of the tabulated uptakes, so 57 bar is recorded, not 60. Low pressure 0.1 MPa -> 1 bar. Both conversions exact. surface_area_method BET is explicit: 'Specific surface area (SBET) was calculated using a BET equation at relative pressures between 0.05 and 0.3'. Neither 'excess' nor 'absolute' is used of an uptake (the two 'excess' hits describe acidic groups), so uptake_type is unspecified. micropore_volume_cm3_g PROVENANCE: Table 1 footnote a gives it as the D-R equation applied to CO2 isotherms at 273 K, not N2 and not DFT (§2 also names DFT/slit-pore; the footnote is the table's own statement and governs). So SBET (N2, 77 K) and Vmic (CO2, 273 K) on the same row come from different probe gases, which the schema cannot record and which explains why SBET falls while Vmic rises across the first four samples. synthesis_method stays carbonization on all six rows rather than splitting the five oxidised samples to chemical_oxidation: in this vocabulary chemical_oxidation is a graphite-oxide-route synthesis value, the oxidation here is a post-synthesis surface treatment, and splitting would make the six rows of a controlled single-variable study non-comparable on the one field saying how the carbon was made. The oxidant, concentration, temperature and duration are in material_description; the vocabulary has no chemical_activation value. NOT STORABLE: Boehm-titration acidic and basic group amounts in mmol/g are this paper's independent variable and the basis of its 0.8 mmol/g threshold claim; they survive only as text in functional_groups. Table 2 (24 XPS at% values plus six Cox/Cgr ratios) is lost entirely. No ash content, no residual potassium analysis despite KOH activation, and no uncertainty on any uptake. Apparatus: two different volumetric rigs, one per condition, neither identified by manufacturer or model; ~200 mg sample; outgassed under vacuum at 573 K for 3 h; dead volume determined with helium and cross-checked against LaNi5 reference-hydride data. No blank run and no leak check. §13.3: BET 2, method 2, T/P 1, uptake type 0, purity 0, calibration 1 (He dead volume plus LaNi5), Chahine 2 = 8 -> Tier B. extraction_confidence 4 because the paper contradicts itself on a recorded field (pressure). CAUTION for later readers: §3.2 and §3.3 refer to 'AC-3NA-100' and 'AC-HPO-50', neither of which is a row of Table 1; they are residual Celsius suffixes for AC-3NA-373 and AC-HPO-323 (confirmed arithmetically) and must not be read as two further samples. Traps: the mmol/g group amounts sit beside the uptake columns in the same table; AX-21's 2513 m2/g, 0.68 cm3/g and 0.46 wt% at 298 K / 6 MPa are ref [24]'s, not this paper's; the 750-3400 m2/g range is ref [29]'s.",HyCAN pipeline v2,2026-09-25,Agent B: 78/78 agreed,2026-09-25,HYC-0019-M8,,BET,,exact,false,false,isothermal,,,,,,,
HYC-0019,10.1016/j.seppur.2009.10.009,Huang,2010,Separation and Purification Technology,Effect of surface oxides on hydrogen storage of activated carbon,HYC-0019-S5,activated_carbon,Litchi-wood KOH-activated carbon oxidised in 3N HNO3 for 24 h at 373 K (paper's AC-3NA-373); strong oxidation collapsed the porosity,carbonization,"HCl wash to remove potassium species, filtered, dried at 378 K","KOH chemical activation, char:KOH 1:4 by mass, 1073 K for 2 h under N2",,,"Boehm titration: acidic 2.095 mmol/g, basic 0.215 mmol/g; XPS C 1s resolves phenol-ether (286.3 eV), carbonyl-quinone (287.4 eV) and carboxyl (288.9 eV)",468,,0.28,,,77,1,0.696,,unspecified,volumetric_sieverts,,"Table 1, row AC-3NA-373, H2 capacity column b (condition from footnote b)",table_direct,4,B,"Litchi-wood KOH-activated carbon, six samples, each measured at two conditions. All values from Table 1; the conditions come from its own footnotes b and c. §3.7 CONFLICT: the high pressure is stated twice as 5.7 MPa (Table 1 footnote c and twice in §3.3) and three times as 6 MPa (abstract and §2 twice). 6 MPa is the apparatus ceiling and the stepwise maximum; 5.7 MPa is the pressure of the tabulated uptakes, so 57 bar is recorded, not 60. Low pressure 0.1 MPa -> 1 bar. Both conversions exact. surface_area_method BET is explicit: 'Specific surface area (SBET) was calculated using a BET equation at relative pressures between 0.05 and 0.3'. Neither 'excess' nor 'absolute' is used of an uptake (the two 'excess' hits describe acidic groups), so uptake_type is unspecified. micropore_volume_cm3_g PROVENANCE: Table 1 footnote a gives it as the D-R equation applied to CO2 isotherms at 273 K, not N2 and not DFT (§2 also names DFT/slit-pore; the footnote is the table's own statement and governs). So SBET (N2, 77 K) and Vmic (CO2, 273 K) on the same row come from different probe gases, which the schema cannot record and which explains why SBET falls while Vmic rises across the first four samples. synthesis_method stays carbonization on all six rows rather than splitting the five oxidised samples to chemical_oxidation: in this vocabulary chemical_oxidation is a graphite-oxide-route synthesis value, the oxidation here is a post-synthesis surface treatment, and splitting would make the six rows of a controlled single-variable study non-comparable on the one field saying how the carbon was made. The oxidant, concentration, temperature and duration are in material_description; the vocabulary has no chemical_activation value. NOT STORABLE: Boehm-titration acidic and basic group amounts in mmol/g are this paper's independent variable and the basis of its 0.8 mmol/g threshold claim; they survive only as text in functional_groups. Table 2 (24 XPS at% values plus six Cox/Cgr ratios) is lost entirely. No ash content, no residual potassium analysis despite KOH activation, and no uncertainty on any uptake. Apparatus: two different volumetric rigs, one per condition, neither identified by manufacturer or model; ~200 mg sample; outgassed under vacuum at 573 K for 3 h; dead volume determined with helium and cross-checked against LaNi5 reference-hydride data. No blank run and no leak check. §13.3: BET 2, method 2, T/P 1, uptake type 0, purity 0, calibration 1 (He dead volume plus LaNi5), Chahine 2 = 8 -> Tier B. extraction_confidence 4 because the paper contradicts itself on a recorded field (pressure). CAUTION for later readers: §3.2 and §3.3 refer to 'AC-3NA-100' and 'AC-HPO-50', neither of which is a row of Table 1; they are residual Celsius suffixes for AC-3NA-373 and AC-HPO-323 (confirmed arithmetically) and must not be read as two further samples. Traps: the mmol/g group amounts sit beside the uptake columns in the same table; AX-21's 2513 m2/g, 0.68 cm3/g and 0.46 wt% at 298 K / 6 MPa are ref [24]'s, not this paper's; the 750-3400 m2/g range is ref [29]'s.",HyCAN pipeline v2,2026-09-25,Agent B: 78/78 agreed,2026-09-25,HYC-0019-M9,,BET,,exact,false,false,isothermal,,,,,,,
HYC-0019,10.1016/j.seppur.2009.10.009,Huang,2010,Separation and Purification Technology,Effect of surface oxides on hydrogen storage of activated carbon,HYC-0019-S5,activated_carbon,Litchi-wood KOH-activated carbon oxidised in 3N HNO3 for 24 h at 373 K (paper's AC-3NA-373); strong oxidation collapsed the porosity,carbonization,"HCl wash to remove potassium species, filtered, dried at 378 K","KOH chemical activation, char:KOH 1:4 by mass, 1073 K for 2 h under N2",,,"Boehm titration: acidic 2.095 mmol/g, basic 0.215 mmol/g; XPS C 1s resolves phenol-ether (286.3 eV), carbonyl-quinone (287.4 eV) and carboxyl (288.9 eV)",468,,0.28,,,303,57,0.086,,unspecified,volumetric_sieverts,,"Table 1, row AC-3NA-373, H2 capacity column c (condition from footnote c)",table_direct,4,B,"Litchi-wood KOH-activated carbon, six samples, each measured at two conditions. All values from Table 1; the conditions come from its own footnotes b and c. §3.7 CONFLICT: the high pressure is stated twice as 5.7 MPa (Table 1 footnote c and twice in §3.3) and three times as 6 MPa (abstract and §2 twice). 6 MPa is the apparatus ceiling and the stepwise maximum; 5.7 MPa is the pressure of the tabulated uptakes, so 57 bar is recorded, not 60. Low pressure 0.1 MPa -> 1 bar. Both conversions exact. surface_area_method BET is explicit: 'Specific surface area (SBET) was calculated using a BET equation at relative pressures between 0.05 and 0.3'. Neither 'excess' nor 'absolute' is used of an uptake (the two 'excess' hits describe acidic groups), so uptake_type is unspecified. micropore_volume_cm3_g PROVENANCE: Table 1 footnote a gives it as the D-R equation applied to CO2 isotherms at 273 K, not N2 and not DFT (§2 also names DFT/slit-pore; the footnote is the table's own statement and governs). So SBET (N2, 77 K) and Vmic (CO2, 273 K) on the same row come from different probe gases, which the schema cannot record and which explains why SBET falls while Vmic rises across the first four samples. synthesis_method stays carbonization on all six rows rather than splitting the five oxidised samples to chemical_oxidation: in this vocabulary chemical_oxidation is a graphite-oxide-route synthesis value, the oxidation here is a post-synthesis surface treatment, and splitting would make the six rows of a controlled single-variable study non-comparable on the one field saying how the carbon was made. The oxidant, concentration, temperature and duration are in material_description; the vocabulary has no chemical_activation value. NOT STORABLE: Boehm-titration acidic and basic group amounts in mmol/g are this paper's independent variable and the basis of its 0.8 mmol/g threshold claim; they survive only as text in functional_groups. Table 2 (24 XPS at% values plus six Cox/Cgr ratios) is lost entirely. No ash content, no residual potassium analysis despite KOH activation, and no uncertainty on any uptake. Apparatus: two different volumetric rigs, one per condition, neither identified by manufacturer or model; ~200 mg sample; outgassed under vacuum at 573 K for 3 h; dead volume determined with helium and cross-checked against LaNi5 reference-hydride data. No blank run and no leak check. §13.3: BET 2, method 2, T/P 1, uptake type 0, purity 0, calibration 1 (He dead volume plus LaNi5), Chahine 2 = 8 -> Tier B. extraction_confidence 4 because the paper contradicts itself on a recorded field (pressure). CAUTION for later readers: §3.2 and §3.3 refer to 'AC-3NA-100' and 'AC-HPO-50', neither of which is a row of Table 1; they are residual Celsius suffixes for AC-3NA-373 and AC-HPO-323 (confirmed arithmetically) and must not be read as two further samples. Traps: the mmol/g group amounts sit beside the uptake columns in the same table; AX-21's 2513 m2/g, 0.68 cm3/g and 0.46 wt% at 298 K / 6 MPa are ref [24]'s, not this paper's; the 750-3400 m2/g range is ref [29]'s.",HyCAN pipeline v2,2026-09-25,Agent B: 78/78 agreed,2026-09-25,HYC-0019-M10,,BET,,exact,false,false,isothermal,,,,,,,
HYC-0019,10.1016/j.seppur.2009.10.009,Huang,2010,Separation and Purification Technology,Effect of surface oxides on hydrogen storage of activated carbon,HYC-0019-S6,activated_carbon,Litchi-wood KOH-activated carbon oxidised in 30% H2O2 for 24 h at 323 K (paper's AC-HPO-323),carbonization,"HCl wash to remove potassium species, filtered, dried at 378 K","KOH chemical activation, char:KOH 1:4 by mass, 1073 K for 2 h under N2",,,"Boehm titration: acidic 1.102 mmol/g, basic 0.356 mmol/g; XPS C 1s resolves phenol-ether (286.3 eV), carbonyl-quinone (287.4 eV) and carboxyl (288.9 eV)",1622,,0.57,,,77,1,1.498,,unspecified,volumetric_sieverts,,"Table 1, row AC-HPO-323, H2 capacity column b (condition from footnote b)",table_direct,4,B,"Litchi-wood KOH-activated carbon, six samples, each measured at two conditions. All values from Table 1; the conditions come from its own footnotes b and c. §3.7 CONFLICT: the high pressure is stated twice as 5.7 MPa (Table 1 footnote c and twice in §3.3) and three times as 6 MPa (abstract and §2 twice). 6 MPa is the apparatus ceiling and the stepwise maximum; 5.7 MPa is the pressure of the tabulated uptakes, so 57 bar is recorded, not 60. Low pressure 0.1 MPa -> 1 bar. Both conversions exact. surface_area_method BET is explicit: 'Specific surface area (SBET) was calculated using a BET equation at relative pressures between 0.05 and 0.3'. Neither 'excess' nor 'absolute' is used of an uptake (the two 'excess' hits describe acidic groups), so uptake_type is unspecified. micropore_volume_cm3_g PROVENANCE: Table 1 footnote a gives it as the D-R equation applied to CO2 isotherms at 273 K, not N2 and not DFT (§2 also names DFT/slit-pore; the footnote is the table's own statement and governs). So SBET (N2, 77 K) and Vmic (CO2, 273 K) on the same row come from different probe gases, which the schema cannot record and which explains why SBET falls while Vmic rises across the first four samples. synthesis_method stays carbonization on all six rows rather than splitting the five oxidised samples to chemical_oxidation: in this vocabulary chemical_oxidation is a graphite-oxide-route synthesis value, the oxidation here is a post-synthesis surface treatment, and splitting would make the six rows of a controlled single-variable study non-comparable on the one field saying how the carbon was made. The oxidant, concentration, temperature and duration are in material_description; the vocabulary has no chemical_activation value. NOT STORABLE: Boehm-titration acidic and basic group amounts in mmol/g are this paper's independent variable and the basis of its 0.8 mmol/g threshold claim; they survive only as text in functional_groups. Table 2 (24 XPS at% values plus six Cox/Cgr ratios) is lost entirely. No ash content, no residual potassium analysis despite KOH activation, and no uncertainty on any uptake. Apparatus: two different volumetric rigs, one per condition, neither identified by manufacturer or model; ~200 mg sample; outgassed under vacuum at 573 K for 3 h; dead volume determined with helium and cross-checked against LaNi5 reference-hydride data. No blank run and no leak check. §13.3: BET 2, method 2, T/P 1, uptake type 0, purity 0, calibration 1 (He dead volume plus LaNi5), Chahine 2 = 8 -> Tier B. extraction_confidence 4 because the paper contradicts itself on a recorded field (pressure). CAUTION for later readers: §3.2 and §3.3 refer to 'AC-3NA-100' and 'AC-HPO-50', neither of which is a row of Table 1; they are residual Celsius suffixes for AC-3NA-373 and AC-HPO-323 (confirmed arithmetically) and must not be read as two further samples. Traps: the mmol/g group amounts sit beside the uptake columns in the same table; AX-21's 2513 m2/g, 0.68 cm3/g and 0.46 wt% at 298 K / 6 MPa are ref [24]'s, not this paper's; the 750-3400 m2/g range is ref [29]'s.",HyCAN pipeline v2,2026-09-25,Agent B: 78/78 agreed,2026-09-25,HYC-0019-M11,,BET,,exact,false,false,isothermal,,,,,,,
HYC-0019,10.1016/j.seppur.2009.10.009,Huang,2010,Separation and Purification Technology,Effect of surface oxides on hydrogen storage of activated carbon,HYC-0019-S6,activated_carbon,Litchi-wood KOH-activated carbon oxidised in 30% H2O2 for 24 h at 323 K (paper's AC-HPO-323),carbonization,"HCl wash to remove potassium species, filtered, dried at 378 K","KOH chemical activation, char:KOH 1:4 by mass, 1073 K for 2 h under N2",,,"Boehm titration: acidic 1.102 mmol/g, basic 0.356 mmol/g; XPS C 1s resolves phenol-ether (286.3 eV), carbonyl-quinone (287.4 eV) and carboxyl (288.9 eV)",1622,,0.57,,,303,57,0.194,,unspecified,volumetric_sieverts,,"Table 1, row AC-HPO-323, H2 capacity column c (condition from footnote c)",table_direct,4,B,"Litchi-wood KOH-activated carbon, six samples, each measured at two conditions. All values from Table 1; the conditions come from its own footnotes b and c. §3.7 CONFLICT: the high pressure is stated twice as 5.7 MPa (Table 1 footnote c and twice in §3.3) and three times as 6 MPa (abstract and §2 twice). 6 MPa is the apparatus ceiling and the stepwise maximum; 5.7 MPa is the pressure of the tabulated uptakes, so 57 bar is recorded, not 60. Low pressure 0.1 MPa -> 1 bar. Both conversions exact. surface_area_method BET is explicit: 'Specific surface area (SBET) was calculated using a BET equation at relative pressures between 0.05 and 0.3'. Neither 'excess' nor 'absolute' is used of an uptake (the two 'excess' hits describe acidic groups), so uptake_type is unspecified. micropore_volume_cm3_g PROVENANCE: Table 1 footnote a gives it as the D-R equation applied to CO2 isotherms at 273 K, not N2 and not DFT (§2 also names DFT/slit-pore; the footnote is the table's own statement and governs). So SBET (N2, 77 K) and Vmic (CO2, 273 K) on the same row come from different probe gases, which the schema cannot record and which explains why SBET falls while Vmic rises across the first four samples. synthesis_method stays carbonization on all six rows rather than splitting the five oxidised samples to chemical_oxidation: in this vocabulary chemical_oxidation is a graphite-oxide-route synthesis value, the oxidation here is a post-synthesis surface treatment, and splitting would make the six rows of a controlled single-variable study non-comparable on the one field saying how the carbon was made. The oxidant, concentration, temperature and duration are in material_description; the vocabulary has no chemical_activation value. NOT STORABLE: Boehm-titration acidic and basic group amounts in mmol/g are this paper's independent variable and the basis of its 0.8 mmol/g threshold claim; they survive only as text in functional_groups. Table 2 (24 XPS at% values plus six Cox/Cgr ratios) is lost entirely. No ash content, no residual potassium analysis despite KOH activation, and no uncertainty on any uptake. Apparatus: two different volumetric rigs, one per condition, neither identified by manufacturer or model; ~200 mg sample; outgassed under vacuum at 573 K for 3 h; dead volume determined with helium and cross-checked against LaNi5 reference-hydride data. No blank run and no leak check. §13.3: BET 2, method 2, T/P 1, uptake type 0, purity 0, calibration 1 (He dead volume plus LaNi5), Chahine 2 = 8 -> Tier B. extraction_confidence 4 because the paper contradicts itself on a recorded field (pressure). CAUTION for later readers: §3.2 and §3.3 refer to 'AC-3NA-100' and 'AC-HPO-50', neither of which is a row of Table 1; they are residual Celsius suffixes for AC-3NA-373 and AC-HPO-323 (confirmed arithmetically) and must not be read as two further samples. Traps: the mmol/g group amounts sit beside the uptake columns in the same table; AX-21's 2513 m2/g, 0.68 cm3/g and 0.46 wt% at 298 K / 6 MPa are ref [24]'s, not this paper's; the 750-3400 m2/g range is ref [29]'s.",HyCAN pipeline v2,2026-09-25,Agent B: 78/78 agreed,2026-09-25,HYC-0019-M12,,BET,,exact,false,false,isothermal,,,,,,,
HYC-0022,10.1021/ja8083225,Wang,2009,Journal of the American Chemical Society,High Hydrogen Storage Capacity of Porous Carbons Prepared by Using Activated Carbon,HYC-0022-S1,activated_carbon,"As-received commercial activated carbon (chemically pure, Shanghai Dahe Chemical Reagent Ltd.), the starting material (paper's AC)",commercial,,,,,,1585,,0.59,1.44,,77,1,1.23,,unspecified,volumetric_sieverts,,"Hydrogen Storage at 77 K and 1 bar section, p. 7018 (running text; the text's 'see Table 1' pointer is wrong, Table 1 has no H2 column); texture from Table 1, p. 7017",text_direct,4,B,"Commercial activated carbon further activated by the authors, plus one purchased reference carbon. Temperature is 77 K on every measurement; pressures are the paper's own units, no conversion. DISPUTE, RESOLVED IN THE VERIFIER'S FAVOUR. This is the first disputed cell the §3.2 protocol has produced. The extracting agent assigned synthesis_method = commercial to all six samples on the ground that the carbon skeleton was purchased. The verifier rejected that for the four samples the authors activated themselves, citing the paper's own framing ('Both physical and chemical activations were performed in our study') and the fact that Table 1 reports a carbon yield for exactly those four (62%, 49%, 53%, 43%) and a dash for the as-received sample - a sample with a burn-off yield was not bought in that state. Upheld: activation creates the porosity, so it is how these materials were made, and 'commercial' would assert the authors purchased them. Recorded as 'other' rather than a vocabulary value because the vocabulary has neither physical_activation nor chemical_activation; the route is in activation_method. 'commercial' is kept on the as-received carbon and on G212, which genuinely were purchased as measured. average_pore_diameter_nm IS DELIBERATELY EMPTY. The paper reports two pore sizes per sample and neither belongs in one field: D_BJH (3.9, 3.6, 3.6, 2.8, 2.5 nm), which the paper itself calls the mesopore size and which BJH desorption analysis cannot validly give for the two type-I KOH carbons, and D_HK (1.3, 1.1, 1.1, 0.59, 0.67 nm), the median micropore size on which every scientific claim in the paper rests. Storing D_BJH would tell a downstream reader that the best sample's characteristic pore is 2.5 nm when the paper attributes its performance to 0.67 nm. Both series are recorded here; the schema needs a pore-diameter method field and a median-micropore field. ultramicropore_volume_cm3_g IS ALSO EMPTY: the paper's V<1nm (0.17, 0.21, 0.19, 0.69, 0.79 cm3/g, Horvath-Kawazoe cumulative) is cut at 1 nm, while this field is documented at 0.7 nm and carries 0.7 nm values for HYC-0005 and HYC-0021. Mixing the cutoffs would corrupt the one quantity schema v1.1 was added to make comparable. The paper concludes V<1nm predicts 1 bar uptake better than the micropore fraction does, so this is a real loss. micropore_volume_cm3_g is Dubinin-Radushkevich (Table 1 footnote d). Neither 'excess' nor 'absolute' appears, and NO BUOYANCY CORRECTION is described in the main text for the 1-20 bar magnetic-suspension-balance measurements - the method is deferred to Supporting Information not held here. On a ~3 cm3/g-envelope carbon at 77 K and 20 bar the buoyancy term is worth several tenths of a wt%, so excess vs absolute is not a rounding-level question on the 7.08 wt% headline. uptake_type is unspecified and must not be upgraded by inference. The verifier pinned the wt% denominator independently: 43.2 g/L = 610 g/L x 0.0708, so wt% is g H2 per 100 g adsorbent, not per total system mass. The 1 bar values are volumetric (Micromeritics ASAP 2020, spelled 'Micrometrics' in the paper) and the 20 bar values gravimetric (Rubotherm), so the two conditions on one sample come from different instruments with no stated cross-check. G212's 1 bar value is gravimetric too: it is introduced in the 20 bar section and cites Fig. 7, the gravimetric figure. No sample mass, degas conditions or equilibration time is given for any hydrogen run. NOT RECORDED, figure-only: the 20 bar uptakes of the as-received carbon and both CO2-activated samples exist only as plotted points in Fig. 7, though they were plainly measured (Figs. 8a, 8b and 9 require them). Three rows are therefore absent by §3.4. Also figure-only: all intermediate isotherm points, every P-half value, and the as-received series' 1 bar gravimetric points. Traps: Table 2 mixes this work with five literature entries, and Maxsorb-3000's 3178 m2/g is 12 m2/g from this paper's own 3190 while CB850h's 6.9 wt% at 20 bar sits in the adjacent row to the 7.08; G212's 3.88 wt% is this paper's measurement but the 3.96 wt% beside it is ref [6]'s; 2965 m2/g is the theoretical double-sided graphene area, and the 3190 m2/g BET value exceeds it, which the paper glosses as 'as high as' and which flags 3190 as a BET overestimate on a micropore-dominated carbon fitted over a narrow 0.02-0.25 window; the +/-3% error belongs to packing density, not to any uptake. Text citing 'see Table 1' for the 1 bar uptakes is wrong - Table 1 has no hydrogen column, and those five values have no tabular source in this paper. No ash, metal or elemental analysis for any sample, and no uncertainty on any uptake. §13.3: BET 2, method 1, T/P 1, uptake type 0, purity 0, calibration 0, Chahine 2 = 6 -> Tier B.",HyCAN pipeline v2,2026-09-25,"Agent B: 94/98 agreed, 4 disputed and upheld",2026-09-25,HYC-0022-M1,,BET,,exact,false,false,isothermal,,,,,,,
HYC-0022,10.1021/ja8083225,Wang,2009,Journal of the American Chemical Society,High Hydrogen Storage Capacity of Porous Carbons Prepared by Using Activated Carbon,HYC-0022-S2,activated_carbon,Commercial activated carbon further gasified in CO2 at 1223 K for 2 h (paper's AC-C2),other,,"CO2 physical activation, 1223 K, 2 h, CO2 10 mL/min, N2 ramp 5 K/min; carbon yield 62%",,,,1488,,0.60,1.22,,77,1,1.70,,unspecified,volumetric_sieverts,,"Hydrogen Storage at 77 K and 1 bar section, p. 7018 (running text); texture from Table 1, p. 7017",text_direct,4,B,"Commercial activated carbon further activated by the authors, plus one purchased reference carbon. Temperature is 77 K on every measurement; pressures are the paper's own units, no conversion. DISPUTE, RESOLVED IN THE VERIFIER'S FAVOUR. This is the first disputed cell the §3.2 protocol has produced. The extracting agent assigned synthesis_method = commercial to all six samples on the ground that the carbon skeleton was purchased. The verifier rejected that for the four samples the authors activated themselves, citing the paper's own framing ('Both physical and chemical activations were performed in our study') and the fact that Table 1 reports a carbon yield for exactly those four (62%, 49%, 53%, 43%) and a dash for the as-received sample - a sample with a burn-off yield was not bought in that state. Upheld: activation creates the porosity, so it is how these materials were made, and 'commercial' would assert the authors purchased them. Recorded as 'other' rather than a vocabulary value because the vocabulary has neither physical_activation nor chemical_activation; the route is in activation_method. 'commercial' is kept on the as-received carbon and on G212, which genuinely were purchased as measured. average_pore_diameter_nm IS DELIBERATELY EMPTY. The paper reports two pore sizes per sample and neither belongs in one field: D_BJH (3.9, 3.6, 3.6, 2.8, 2.5 nm), which the paper itself calls the mesopore size and which BJH desorption analysis cannot validly give for the two type-I KOH carbons, and D_HK (1.3, 1.1, 1.1, 0.59, 0.67 nm), the median micropore size on which every scientific claim in the paper rests. Storing D_BJH would tell a downstream reader that the best sample's characteristic pore is 2.5 nm when the paper attributes its performance to 0.67 nm. Both series are recorded here; the schema needs a pore-diameter method field and a median-micropore field. ultramicropore_volume_cm3_g IS ALSO EMPTY: the paper's V<1nm (0.17, 0.21, 0.19, 0.69, 0.79 cm3/g, Horvath-Kawazoe cumulative) is cut at 1 nm, while this field is documented at 0.7 nm and carries 0.7 nm values for HYC-0005 and HYC-0021. Mixing the cutoffs would corrupt the one quantity schema v1.1 was added to make comparable. The paper concludes V<1nm predicts 1 bar uptake better than the micropore fraction does, so this is a real loss. micropore_volume_cm3_g is Dubinin-Radushkevich (Table 1 footnote d). Neither 'excess' nor 'absolute' appears, and NO BUOYANCY CORRECTION is described in the main text for the 1-20 bar magnetic-suspension-balance measurements - the method is deferred to Supporting Information not held here. On a ~3 cm3/g-envelope carbon at 77 K and 20 bar the buoyancy term is worth several tenths of a wt%, so excess vs absolute is not a rounding-level question on the 7.08 wt% headline. uptake_type is unspecified and must not be upgraded by inference. The verifier pinned the wt% denominator independently: 43.2 g/L = 610 g/L x 0.0708, so wt% is g H2 per 100 g adsorbent, not per total system mass. The 1 bar values are volumetric (Micromeritics ASAP 2020, spelled 'Micrometrics' in the paper) and the 20 bar values gravimetric (Rubotherm), so the two conditions on one sample come from different instruments with no stated cross-check. G212's 1 bar value is gravimetric too: it is introduced in the 20 bar section and cites Fig. 7, the gravimetric figure. No sample mass, degas conditions or equilibration time is given for any hydrogen run. NOT RECORDED, figure-only: the 20 bar uptakes of the as-received carbon and both CO2-activated samples exist only as plotted points in Fig. 7, though they were plainly measured (Figs. 8a, 8b and 9 require them). Three rows are therefore absent by §3.4. Also figure-only: all intermediate isotherm points, every P-half value, and the as-received series' 1 bar gravimetric points. Traps: Table 2 mixes this work with five literature entries, and Maxsorb-3000's 3178 m2/g is 12 m2/g from this paper's own 3190 while CB850h's 6.9 wt% at 20 bar sits in the adjacent row to the 7.08; G212's 3.88 wt% is this paper's measurement but the 3.96 wt% beside it is ref [6]'s; 2965 m2/g is the theoretical double-sided graphene area, and the 3190 m2/g BET value exceeds it, which the paper glosses as 'as high as' and which flags 3190 as a BET overestimate on a micropore-dominated carbon fitted over a narrow 0.02-0.25 window; the +/-3% error belongs to packing density, not to any uptake. Text citing 'see Table 1' for the 1 bar uptakes is wrong - Table 1 has no hydrogen column, and those five values have no tabular source in this paper. No ash, metal or elemental analysis for any sample, and no uncertainty on any uptake. §13.3: BET 2, method 1, T/P 1, uptake type 0, purity 0, calibration 0, Chahine 2 = 6 -> Tier B. Highest 1 bar uptake per unit area of any sample here, on a LOWER surface area than the as-received carbon, which the authors note but do not explain.",HyCAN pipeline v2,2026-09-25,"Agent B: 94/98 agreed, 4 disputed and upheld",2026-09-25,HYC-0022-M2,,BET,,exact,false,false,isothermal,,,,,,,
HYC-0022,10.1021/ja8083225,Wang,2009,Journal of the American Chemical Society,High Hydrogen Storage Capacity of Porous Carbons Prepared by Using Activated Carbon,HYC-0022-S3,activated_carbon,Commercial activated carbon further gasified in CO2 at 1223 K for 4 h (paper's AC-C4),other,,"CO2 physical activation, 1223 K, 4 h, CO2 10 mL/min, N2 ramp 5 K/min; carbon yield 49%",,,,1308,,0.52,1.10,,77,1,1.27,,unspecified,volumetric_sieverts,,"Hydrogen Storage at 77 K and 1 bar section, p. 7018 (running text); texture from Table 1, p. 7017",text_direct,4,B,"Commercial activated carbon further activated by the authors, plus one purchased reference carbon. Temperature is 77 K on every measurement; pressures are the paper's own units, no conversion. DISPUTE, RESOLVED IN THE VERIFIER'S FAVOUR. This is the first disputed cell the §3.2 protocol has produced. The extracting agent assigned synthesis_method = commercial to all six samples on the ground that the carbon skeleton was purchased. The verifier rejected that for the four samples the authors activated themselves, citing the paper's own framing ('Both physical and chemical activations were performed in our study') and the fact that Table 1 reports a carbon yield for exactly those four (62%, 49%, 53%, 43%) and a dash for the as-received sample - a sample with a burn-off yield was not bought in that state. Upheld: activation creates the porosity, so it is how these materials were made, and 'commercial' would assert the authors purchased them. Recorded as 'other' rather than a vocabulary value because the vocabulary has neither physical_activation nor chemical_activation; the route is in activation_method. 'commercial' is kept on the as-received carbon and on G212, which genuinely were purchased as measured. average_pore_diameter_nm IS DELIBERATELY EMPTY. The paper reports two pore sizes per sample and neither belongs in one field: D_BJH (3.9, 3.6, 3.6, 2.8, 2.5 nm), which the paper itself calls the mesopore size and which BJH desorption analysis cannot validly give for the two type-I KOH carbons, and D_HK (1.3, 1.1, 1.1, 0.59, 0.67 nm), the median micropore size on which every scientific claim in the paper rests. Storing D_BJH would tell a downstream reader that the best sample's characteristic pore is 2.5 nm when the paper attributes its performance to 0.67 nm. Both series are recorded here; the schema needs a pore-diameter method field and a median-micropore field. ultramicropore_volume_cm3_g IS ALSO EMPTY: the paper's V<1nm (0.17, 0.21, 0.19, 0.69, 0.79 cm3/g, Horvath-Kawazoe cumulative) is cut at 1 nm, while this field is documented at 0.7 nm and carries 0.7 nm values for HYC-0005 and HYC-0021. Mixing the cutoffs would corrupt the one quantity schema v1.1 was added to make comparable. The paper concludes V<1nm predicts 1 bar uptake better than the micropore fraction does, so this is a real loss. micropore_volume_cm3_g is Dubinin-Radushkevich (Table 1 footnote d). Neither 'excess' nor 'absolute' appears, and NO BUOYANCY CORRECTION is described in the main text for the 1-20 bar magnetic-suspension-balance measurements - the method is deferred to Supporting Information not held here. On a ~3 cm3/g-envelope carbon at 77 K and 20 bar the buoyancy term is worth several tenths of a wt%, so excess vs absolute is not a rounding-level question on the 7.08 wt% headline. uptake_type is unspecified and must not be upgraded by inference. The verifier pinned the wt% denominator independently: 43.2 g/L = 610 g/L x 0.0708, so wt% is g H2 per 100 g adsorbent, not per total system mass. The 1 bar values are volumetric (Micromeritics ASAP 2020, spelled 'Micrometrics' in the paper) and the 20 bar values gravimetric (Rubotherm), so the two conditions on one sample come from different instruments with no stated cross-check. G212's 1 bar value is gravimetric too: it is introduced in the 20 bar section and cites Fig. 7, the gravimetric figure. No sample mass, degas conditions or equilibration time is given for any hydrogen run. NOT RECORDED, figure-only: the 20 bar uptakes of the as-received carbon and both CO2-activated samples exist only as plotted points in Fig. 7, though they were plainly measured (Figs. 8a, 8b and 9 require them). Three rows are therefore absent by §3.4. Also figure-only: all intermediate isotherm points, every P-half value, and the as-received series' 1 bar gravimetric points. Traps: Table 2 mixes this work with five literature entries, and Maxsorb-3000's 3178 m2/g is 12 m2/g from this paper's own 3190 while CB850h's 6.9 wt% at 20 bar sits in the adjacent row to the 7.08; G212's 3.88 wt% is this paper's measurement but the 3.96 wt% beside it is ref [6]'s; 2965 m2/g is the theoretical double-sided graphene area, and the 3190 m2/g BET value exceeds it, which the paper glosses as 'as high as' and which flags 3190 as a BET overestimate on a micropore-dominated carbon fitted over a narrow 0.02-0.25 window; the +/-3% error belongs to packing density, not to any uptake. Text citing 'see Table 1' for the 1 bar uptakes is wrong - Table 1 has no hydrogen column, and those five values have no tabular source in this paper. No ash, metal or elemental analysis for any sample, and no uncertainty on any uptake. §13.3: BET 2, method 1, T/P 1, uptake type 0, purity 0, calibration 0, Chahine 2 = 6 -> Tier B.",HyCAN pipeline v2,2026-09-25,"Agent B: 94/98 agreed, 4 disputed and upheld",2026-09-25,HYC-0022-M3,,BET,,exact,false,false,isothermal,,,,,,,
HYC-0022,10.1021/ja8083225,Wang,2009,Journal of the American Chemical Society,High Hydrogen Storage Capacity of Porous Carbons Prepared by Using Activated Carbon,HYC-0022-S4,activated_carbon,Commercial activated carbon further activated with KOH at 3:1 KOH/AC mass ratio (paper's AC-K3),other,,"KOH chemical activation, KOH:AC 3:1 by mass, 1023 K, 1 h soak, Ar, ramp 1.25 K/min; carbon yield 53%",,,,2009,,0.82,1.00,,77,1,2.23,,unspecified,volumetric_sieverts,,"Hydrogen Storage at 77 K and 1 bar section, p. 7018 (running text); texture from Table 1, p. 7017",text_direct,4,B,"Commercial activated carbon further activated by the authors, plus one purchased reference carbon. Temperature is 77 K on every measurement; pressures are the paper's own units, no conversion. DISPUTE, RESOLVED IN THE VERIFIER'S FAVOUR. This is the first disputed cell the §3.2 protocol has produced. The extracting agent assigned synthesis_method = commercial to all six samples on the ground that the carbon skeleton was purchased. The verifier rejected that for the four samples the authors activated themselves, citing the paper's own framing ('Both physical and chemical activations were performed in our study') and the fact that Table 1 reports a carbon yield for exactly those four (62%, 49%, 53%, 43%) and a dash for the as-received sample - a sample with a burn-off yield was not bought in that state. Upheld: activation creates the porosity, so it is how these materials were made, and 'commercial' would assert the authors purchased them. Recorded as 'other' rather than a vocabulary value because the vocabulary has neither physical_activation nor chemical_activation; the route is in activation_method. 'commercial' is kept on the as-received carbon and on G212, which genuinely were purchased as measured. average_pore_diameter_nm IS DELIBERATELY EMPTY. The paper reports two pore sizes per sample and neither belongs in one field: D_BJH (3.9, 3.6, 3.6, 2.8, 2.5 nm), which the paper itself calls the mesopore size and which BJH desorption analysis cannot validly give for the two type-I KOH carbons, and D_HK (1.3, 1.1, 1.1, 0.59, 0.67 nm), the median micropore size on which every scientific claim in the paper rests. Storing D_BJH would tell a downstream reader that the best sample's characteristic pore is 2.5 nm when the paper attributes its performance to 0.67 nm. Both series are recorded here; the schema needs a pore-diameter method field and a median-micropore field. ultramicropore_volume_cm3_g IS ALSO EMPTY: the paper's V<1nm (0.17, 0.21, 0.19, 0.69, 0.79 cm3/g, Horvath-Kawazoe cumulative) is cut at 1 nm, while this field is documented at 0.7 nm and carries 0.7 nm values for HYC-0005 and HYC-0021. Mixing the cutoffs would corrupt the one quantity schema v1.1 was added to make comparable. The paper concludes V<1nm predicts 1 bar uptake better than the micropore fraction does, so this is a real loss. micropore_volume_cm3_g is Dubinin-Radushkevich (Table 1 footnote d). Neither 'excess' nor 'absolute' appears, and NO BUOYANCY CORRECTION is described in the main text for the 1-20 bar magnetic-suspension-balance measurements - the method is deferred to Supporting Information not held here. On a ~3 cm3/g-envelope carbon at 77 K and 20 bar the buoyancy term is worth several tenths of a wt%, so excess vs absolute is not a rounding-level question on the 7.08 wt% headline. uptake_type is unspecified and must not be upgraded by inference. The verifier pinned the wt% denominator independently: 43.2 g/L = 610 g/L x 0.0708, so wt% is g H2 per 100 g adsorbent, not per total system mass. The 1 bar values are volumetric (Micromeritics ASAP 2020, spelled 'Micrometrics' in the paper) and the 20 bar values gravimetric (Rubotherm), so the two conditions on one sample come from different instruments with no stated cross-check. G212's 1 bar value is gravimetric too: it is introduced in the 20 bar section and cites Fig. 7, the gravimetric figure. No sample mass, degas conditions or equilibration time is given for any hydrogen run. NOT RECORDED, figure-only: the 20 bar uptakes of the as-received carbon and both CO2-activated samples exist only as plotted points in Fig. 7, though they were plainly measured (Figs. 8a, 8b and 9 require them). Three rows are therefore absent by §3.4. Also figure-only: all intermediate isotherm points, every P-half value, and the as-received series' 1 bar gravimetric points. Traps: Table 2 mixes this work with five literature entries, and Maxsorb-3000's 3178 m2/g is 12 m2/g from this paper's own 3190 while CB850h's 6.9 wt% at 20 bar sits in the adjacent row to the 7.08; G212's 3.88 wt% is this paper's measurement but the 3.96 wt% beside it is ref [6]'s; 2965 m2/g is the theoretical double-sided graphene area, and the 3190 m2/g BET value exceeds it, which the paper glosses as 'as high as' and which flags 3190 as a BET overestimate on a micropore-dominated carbon fitted over a narrow 0.02-0.25 window; the +/-3% error belongs to packing density, not to any uptake. Text citing 'see Table 1' for the 1 bar uptakes is wrong - Table 1 has no hydrogen column, and those five values have no tabular source in this paper. No ash, metal or elemental analysis for any sample, and no uncertainty on any uptake. §13.3: BET 2, method 1, T/P 1, uptake type 0, purity 0, calibration 0, Chahine 2 = 6 -> Tier B.",HyCAN pipeline v2,2026-09-25,"Agent B: 94/98 agreed, 4 disputed and upheld",2026-09-25,HYC-0022-M4,,BET,,exact,false,false,isothermal,,,,,,,
HYC-0022,10.1021/ja8083225,Wang,2009,Journal of the American Chemical Society,High Hydrogen Storage Capacity of Porous Carbons Prepared by Using Activated Carbon,HYC-0022-S4,activated_carbon,Commercial activated carbon further activated with KOH at 3:1 KOH/AC mass ratio (paper's AC-K3),other,,"KOH chemical activation, KOH:AC 3:1 by mass, 1023 K, 1 h soak, Ar, ramp 1.25 K/min; carbon yield 53%",,,,2009,,0.82,1.00,,77,20,5.63,,unspecified,gravimetric_microbalance,,"Table 2, 'this work' row for AC-K3, p. 7021 (this value appears nowhere else in the paper); texture from Table 1, p. 7017",table_direct,4,C,"Commercial activated carbon further activated by the authors, plus one purchased reference carbon. Temperature is 77 K on every measurement; pressures are the paper's own units, no conversion. DISPUTE, RESOLVED IN THE VERIFIER'S FAVOUR. This is the first disputed cell the §3.2 protocol has produced. The extracting agent assigned synthesis_method = commercial to all six samples on the ground that the carbon skeleton was purchased. The verifier rejected that for the four samples the authors activated themselves, citing the paper's own framing ('Both physical and chemical activations were performed in our study') and the fact that Table 1 reports a carbon yield for exactly those four (62%, 49%, 53%, 43%) and a dash for the as-received sample - a sample with a burn-off yield was not bought in that state. Upheld: activation creates the porosity, so it is how these materials were made, and 'commercial' would assert the authors purchased them. Recorded as 'other' rather than a vocabulary value because the vocabulary has neither physical_activation nor chemical_activation; the route is in activation_method. 'commercial' is kept on the as-received carbon and on G212, which genuinely were purchased as measured. average_pore_diameter_nm IS DELIBERATELY EMPTY. The paper reports two pore sizes per sample and neither belongs in one field: D_BJH (3.9, 3.6, 3.6, 2.8, 2.5 nm), which the paper itself calls the mesopore size and which BJH desorption analysis cannot validly give for the two type-I KOH carbons, and D_HK (1.3, 1.1, 1.1, 0.59, 0.67 nm), the median micropore size on which every scientific claim in the paper rests. Storing D_BJH would tell a downstream reader that the best sample's characteristic pore is 2.5 nm when the paper attributes its performance to 0.67 nm. Both series are recorded here; the schema needs a pore-diameter method field and a median-micropore field. ultramicropore_volume_cm3_g IS ALSO EMPTY: the paper's V<1nm (0.17, 0.21, 0.19, 0.69, 0.79 cm3/g, Horvath-Kawazoe cumulative) is cut at 1 nm, while this field is documented at 0.7 nm and carries 0.7 nm values for HYC-0005 and HYC-0021. Mixing the cutoffs would corrupt the one quantity schema v1.1 was added to make comparable. The paper concludes V<1nm predicts 1 bar uptake better than the micropore fraction does, so this is a real loss. micropore_volume_cm3_g is Dubinin-Radushkevich (Table 1 footnote d). Neither 'excess' nor 'absolute' appears, and NO BUOYANCY CORRECTION is described in the main text for the 1-20 bar magnetic-suspension-balance measurements - the method is deferred to Supporting Information not held here. On a ~3 cm3/g-envelope carbon at 77 K and 20 bar the buoyancy term is worth several tenths of a wt%, so excess vs absolute is not a rounding-level question on the 7.08 wt% headline. uptake_type is unspecified and must not be upgraded by inference. The verifier pinned the wt% denominator independently: 43.2 g/L = 610 g/L x 0.0708, so wt% is g H2 per 100 g adsorbent, not per total system mass. The 1 bar values are volumetric (Micromeritics ASAP 2020, spelled 'Micrometrics' in the paper) and the 20 bar values gravimetric (Rubotherm), so the two conditions on one sample come from different instruments with no stated cross-check. G212's 1 bar value is gravimetric too: it is introduced in the 20 bar section and cites Fig. 7, the gravimetric figure. No sample mass, degas conditions or equilibration time is given for any hydrogen run. NOT RECORDED, figure-only: the 20 bar uptakes of the as-received carbon and both CO2-activated samples exist only as plotted points in Fig. 7, though they were plainly measured (Figs. 8a, 8b and 9 require them). Three rows are therefore absent by §3.4. Also figure-only: all intermediate isotherm points, every P-half value, and the as-received series' 1 bar gravimetric points. Traps: Table 2 mixes this work with five literature entries, and Maxsorb-3000's 3178 m2/g is 12 m2/g from this paper's own 3190 while CB850h's 6.9 wt% at 20 bar sits in the adjacent row to the 7.08; G212's 3.88 wt% is this paper's measurement but the 3.96 wt% beside it is ref [6]'s; 2965 m2/g is the theoretical double-sided graphene area, and the 3190 m2/g BET value exceeds it, which the paper glosses as 'as high as' and which flags 3190 as a BET overestimate on a micropore-dominated carbon fitted over a narrow 0.02-0.25 window; the +/-3% error belongs to packing density, not to any uptake. Text citing 'see Table 1' for the 1 bar uptakes is wrong - Table 1 has no hydrogen column, and those five values have no tabular source in this paper. No ash, metal or elemental analysis for any sample, and no uncertainty on any uptake. §13.3: BET 2, method 1, T/P 1, uptake type 0, purity 0, calibration 0, Chahine 1 = 5 -> Tier C. Chahine scores 1 rather than 2 because 5.63 wt% exceeds a 2009 m2/g Chahine estimate and the gravimetric basis is undeclared with no buoyancy correction in the main text - the one correction whose omission would inflate exactly this number.",HyCAN pipeline v2,2026-09-25,"Agent B: 94/98 agreed, 4 disputed and upheld",2026-09-25,HYC-0022-M5,,BET,,exact,false,false,isothermal,,,,,,,
HYC-0022,10.1021/ja8083225,Wang,2009,Journal of the American Chemical Society,High Hydrogen Storage Capacity of Porous Carbons Prepared by Using Activated Carbon,HYC-0022-S5,activated_carbon,Commercial activated carbon further activated with KOH at 5:1 KOH/AC mass ratio (paper's AC-K5),other,,"KOH chemical activation, KOH:AC 5:1 by mass, 1023 K, 1 h soak, Ar, ramp 1.25 K/min; carbon yield 43%",,,,3190,,1.09,1.69,,77,1,2.49,,unspecified,volumetric_sieverts,,"Hydrogen Storage at 77 K and 1 bar section, p. 7018 (running text); texture from Table 1, p. 7017",text_direct,4,B,"Commercial activated carbon further activated by the authors, plus one purchased reference carbon. Temperature is 77 K on every measurement; pressures are the paper's own units, no conversion. DISPUTE, RESOLVED IN THE VERIFIER'S FAVOUR. This is the first disputed cell the §3.2 protocol has produced. The extracting agent assigned synthesis_method = commercial to all six samples on the ground that the carbon skeleton was purchased. The verifier rejected that for the four samples the authors activated themselves, citing the paper's own framing ('Both physical and chemical activations were performed in our study') and the fact that Table 1 reports a carbon yield for exactly those four (62%, 49%, 53%, 43%) and a dash for the as-received sample - a sample with a burn-off yield was not bought in that state. Upheld: activation creates the porosity, so it is how these materials were made, and 'commercial' would assert the authors purchased them. Recorded as 'other' rather than a vocabulary value because the vocabulary has neither physical_activation nor chemical_activation; the route is in activation_method. 'commercial' is kept on the as-received carbon and on G212, which genuinely were purchased as measured. average_pore_diameter_nm IS DELIBERATELY EMPTY. The paper reports two pore sizes per sample and neither belongs in one field: D_BJH (3.9, 3.6, 3.6, 2.8, 2.5 nm), which the paper itself calls the mesopore size and which BJH desorption analysis cannot validly give for the two type-I KOH carbons, and D_HK (1.3, 1.1, 1.1, 0.59, 0.67 nm), the median micropore size on which every scientific claim in the paper rests. Storing D_BJH would tell a downstream reader that the best sample's characteristic pore is 2.5 nm when the paper attributes its performance to 0.67 nm. Both series are recorded here; the schema needs a pore-diameter method field and a median-micropore field. ultramicropore_volume_cm3_g IS ALSO EMPTY: the paper's V<1nm (0.17, 0.21, 0.19, 0.69, 0.79 cm3/g, Horvath-Kawazoe cumulative) is cut at 1 nm, while this field is documented at 0.7 nm and carries 0.7 nm values for HYC-0005 and HYC-0021. Mixing the cutoffs would corrupt the one quantity schema v1.1 was added to make comparable. The paper concludes V<1nm predicts 1 bar uptake better than the micropore fraction does, so this is a real loss. micropore_volume_cm3_g is Dubinin-Radushkevich (Table 1 footnote d). Neither 'excess' nor 'absolute' appears, and NO BUOYANCY CORRECTION is described in the main text for the 1-20 bar magnetic-suspension-balance measurements - the method is deferred to Supporting Information not held here. On a ~3 cm3/g-envelope carbon at 77 K and 20 bar the buoyancy term is worth several tenths of a wt%, so excess vs absolute is not a rounding-level question on the 7.08 wt% headline. uptake_type is unspecified and must not be upgraded by inference. The verifier pinned the wt% denominator independently: 43.2 g/L = 610 g/L x 0.0708, so wt% is g H2 per 100 g adsorbent, not per total system mass. The 1 bar values are volumetric (Micromeritics ASAP 2020, spelled 'Micrometrics' in the paper) and the 20 bar values gravimetric (Rubotherm), so the two conditions on one sample come from different instruments with no stated cross-check. G212's 1 bar value is gravimetric too: it is introduced in the 20 bar section and cites Fig. 7, the gravimetric figure. No sample mass, degas conditions or equilibration time is given for any hydrogen run. NOT RECORDED, figure-only: the 20 bar uptakes of the as-received carbon and both CO2-activated samples exist only as plotted points in Fig. 7, though they were plainly measured (Figs. 8a, 8b and 9 require them). Three rows are therefore absent by §3.4. Also figure-only: all intermediate isotherm points, every P-half value, and the as-received series' 1 bar gravimetric points. Traps: Table 2 mixes this work with five literature entries, and Maxsorb-3000's 3178 m2/g is 12 m2/g from this paper's own 3190 while CB850h's 6.9 wt% at 20 bar sits in the adjacent row to the 7.08; G212's 3.88 wt% is this paper's measurement but the 3.96 wt% beside it is ref [6]'s; 2965 m2/g is the theoretical double-sided graphene area, and the 3190 m2/g BET value exceeds it, which the paper glosses as 'as high as' and which flags 3190 as a BET overestimate on a micropore-dominated carbon fitted over a narrow 0.02-0.25 window; the +/-3% error belongs to packing density, not to any uptake. Text citing 'see Table 1' for the 1 bar uptakes is wrong - Table 1 has no hydrogen column, and those five values have no tabular source in this paper. No ash, metal or elemental analysis for any sample, and no uncertainty on any uptake. §13.3: BET 2, method 1, T/P 1, uptake type 0, purity 0, calibration 0, Chahine 2 = 6 -> Tier B.",HyCAN pipeline v2,2026-09-25,"Agent B: 94/98 agreed, 4 disputed and upheld",2026-09-25,HYC-0022-M6,,BET,,exact,false,false,isothermal,,,,,,,
HYC-0022,10.1021/ja8083225,Wang,2009,Journal of the American Chemical Society,High Hydrogen Storage Capacity of Porous Carbons Prepared by Using Activated Carbon,HYC-0022-S5,activated_carbon,Commercial activated carbon further activated with KOH at 5:1 KOH/AC mass ratio (paper's AC-K5),other,,"KOH chemical activation, KOH:AC 5:1 by mass, 1023 K, 1 h soak, Ar, ramp 1.25 K/min; carbon yield 43%",,,,3190,,1.09,1.69,,77,20,7.08,,unspecified,gravimetric_microbalance,,"Table 2, 'this work' row for AC-K5, p. 7021; also the abstract and the Conclusions; texture from Table 1, p. 7017",table_direct,4,C,"Commercial activated carbon further activated by the authors, plus one purchased reference carbon. Temperature is 77 K on every measurement; pressures are the paper's own units, no conversion. DISPUTE, RESOLVED IN THE VERIFIER'S FAVOUR. This is the first disputed cell the §3.2 protocol has produced. The extracting agent assigned synthesis_method = commercial to all six samples on the ground that the carbon skeleton was purchased. The verifier rejected that for the four samples the authors activated themselves, citing the paper's own framing ('Both physical and chemical activations were performed in our study') and the fact that Table 1 reports a carbon yield for exactly those four (62%, 49%, 53%, 43%) and a dash for the as-received sample - a sample with a burn-off yield was not bought in that state. Upheld: activation creates the porosity, so it is how these materials were made, and 'commercial' would assert the authors purchased them. Recorded as 'other' rather than a vocabulary value because the vocabulary has neither physical_activation nor chemical_activation; the route is in activation_method. 'commercial' is kept on the as-received carbon and on G212, which genuinely were purchased as measured. average_pore_diameter_nm IS DELIBERATELY EMPTY. The paper reports two pore sizes per sample and neither belongs in one field: D_BJH (3.9, 3.6, 3.6, 2.8, 2.5 nm), which the paper itself calls the mesopore size and which BJH desorption analysis cannot validly give for the two type-I KOH carbons, and D_HK (1.3, 1.1, 1.1, 0.59, 0.67 nm), the median micropore size on which every scientific claim in the paper rests. Storing D_BJH would tell a downstream reader that the best sample's characteristic pore is 2.5 nm when the paper attributes its performance to 0.67 nm. Both series are recorded here; the schema needs a pore-diameter method field and a median-micropore field. ultramicropore_volume_cm3_g IS ALSO EMPTY: the paper's V<1nm (0.17, 0.21, 0.19, 0.69, 0.79 cm3/g, Horvath-Kawazoe cumulative) is cut at 1 nm, while this field is documented at 0.7 nm and carries 0.7 nm values for HYC-0005 and HYC-0021. Mixing the cutoffs would corrupt the one quantity schema v1.1 was added to make comparable. The paper concludes V<1nm predicts 1 bar uptake better than the micropore fraction does, so this is a real loss. micropore_volume_cm3_g is Dubinin-Radushkevich (Table 1 footnote d). Neither 'excess' nor 'absolute' appears, and NO BUOYANCY CORRECTION is described in the main text for the 1-20 bar magnetic-suspension-balance measurements - the method is deferred to Supporting Information not held here. On a ~3 cm3/g-envelope carbon at 77 K and 20 bar the buoyancy term is worth several tenths of a wt%, so excess vs absolute is not a rounding-level question on the 7.08 wt% headline. uptake_type is unspecified and must not be upgraded by inference. The verifier pinned the wt% denominator independently: 43.2 g/L = 610 g/L x 0.0708, so wt% is g H2 per 100 g adsorbent, not per total system mass. The 1 bar values are volumetric (Micromeritics ASAP 2020, spelled 'Micrometrics' in the paper) and the 20 bar values gravimetric (Rubotherm), so the two conditions on one sample come from different instruments with no stated cross-check. G212's 1 bar value is gravimetric too: it is introduced in the 20 bar section and cites Fig. 7, the gravimetric figure. No sample mass, degas conditions or equilibration time is given for any hydrogen run. NOT RECORDED, figure-only: the 20 bar uptakes of the as-received carbon and both CO2-activated samples exist only as plotted points in Fig. 7, though they were plainly measured (Figs. 8a, 8b and 9 require them). Three rows are therefore absent by §3.4. Also figure-only: all intermediate isotherm points, every P-half value, and the as-received series' 1 bar gravimetric points. Traps: Table 2 mixes this work with five literature entries, and Maxsorb-3000's 3178 m2/g is 12 m2/g from this paper's own 3190 while CB850h's 6.9 wt% at 20 bar sits in the adjacent row to the 7.08; G212's 3.88 wt% is this paper's measurement but the 3.96 wt% beside it is ref [6]'s; 2965 m2/g is the theoretical double-sided graphene area, and the 3190 m2/g BET value exceeds it, which the paper glosses as 'as high as' and which flags 3190 as a BET overestimate on a micropore-dominated carbon fitted over a narrow 0.02-0.25 window; the +/-3% error belongs to packing density, not to any uptake. Text citing 'see Table 1' for the 1 bar uptakes is wrong - Table 1 has no hydrogen column, and those five values have no tabular source in this paper. No ash, metal or elemental analysis for any sample, and no uncertainty on any uptake. §13.3: BET 2, method 1, T/P 1, uptake type 0, purity 0, calibration 0, Chahine 1 = 5 -> Tier C. The paper's headline value. Same reasoning as the other 20 bar row; additionally the 3190 m2/g it is normalised against exceeds the theoretical double-sided graphene area.",HyCAN pipeline v2,2026-09-25,"Agent B: 94/98 agreed, 4 disputed and upheld",2026-09-25,HYC-0022-M7,,BET,,exact,false,false,isothermal,,,,,,,
HYC-0022,10.1021/ja8083225,Wang,2009,Journal of the American Chemical Society,High Hydrogen Storage Capacity of Porous Carbons Prepared by Using Activated Carbon,HYC-0022-S6,activated_carbon,"Commercial activated carbon G212 (PICA, Vierzon, France), measured by the authors as a reference material; this paper reports no characterisation for it",commercial,,,,,,,,,,,77,1,1.80,,unspecified,gravimetric_microbalance,,"Hydrogen Storage at 77 K and 20 bar section, p. 7020 ('The hydrogen uptakes of G212 were 1.80 wt % at 1 bar and 3.88 wt % at 20 bar (Figure 7)'); gravimetric because it cites Fig. 7",text_direct,3,D,"Commercial activated carbon further activated by the authors, plus one purchased reference carbon. Temperature is 77 K on every measurement; pressures are the paper's own units, no conversion. DISPUTE, RESOLVED IN THE VERIFIER'S FAVOUR. This is the first disputed cell the §3.2 protocol has produced. The extracting agent assigned synthesis_method = commercial to all six samples on the ground that the carbon skeleton was purchased. The verifier rejected that for the four samples the authors activated themselves, citing the paper's own framing ('Both physical and chemical activations were performed in our study') and the fact that Table 1 reports a carbon yield for exactly those four (62%, 49%, 53%, 43%) and a dash for the as-received sample - a sample with a burn-off yield was not bought in that state. Upheld: activation creates the porosity, so it is how these materials were made, and 'commercial' would assert the authors purchased them. Recorded as 'other' rather than a vocabulary value because the vocabulary has neither physical_activation nor chemical_activation; the route is in activation_method. 'commercial' is kept on the as-received carbon and on G212, which genuinely were purchased as measured. average_pore_diameter_nm IS DELIBERATELY EMPTY. The paper reports two pore sizes per sample and neither belongs in one field: D_BJH (3.9, 3.6, 3.6, 2.8, 2.5 nm), which the paper itself calls the mesopore size and which BJH desorption analysis cannot validly give for the two type-I KOH carbons, and D_HK (1.3, 1.1, 1.1, 0.59, 0.67 nm), the median micropore size on which every scientific claim in the paper rests. Storing D_BJH would tell a downstream reader that the best sample's characteristic pore is 2.5 nm when the paper attributes its performance to 0.67 nm. Both series are recorded here; the schema needs a pore-diameter method field and a median-micropore field. ultramicropore_volume_cm3_g IS ALSO EMPTY: the paper's V<1nm (0.17, 0.21, 0.19, 0.69, 0.79 cm3/g, Horvath-Kawazoe cumulative) is cut at 1 nm, while this field is documented at 0.7 nm and carries 0.7 nm values for HYC-0005 and HYC-0021. Mixing the cutoffs would corrupt the one quantity schema v1.1 was added to make comparable. The paper concludes V<1nm predicts 1 bar uptake better than the micropore fraction does, so this is a real loss. micropore_volume_cm3_g is Dubinin-Radushkevich (Table 1 footnote d). Neither 'excess' nor 'absolute' appears, and NO BUOYANCY CORRECTION is described in the main text for the 1-20 bar magnetic-suspension-balance measurements - the method is deferred to Supporting Information not held here. On a ~3 cm3/g-envelope carbon at 77 K and 20 bar the buoyancy term is worth several tenths of a wt%, so excess vs absolute is not a rounding-level question on the 7.08 wt% headline. uptake_type is unspecified and must not be upgraded by inference. The verifier pinned the wt% denominator independently: 43.2 g/L = 610 g/L x 0.0708, so wt% is g H2 per 100 g adsorbent, not per total system mass. The 1 bar values are volumetric (Micromeritics ASAP 2020, spelled 'Micrometrics' in the paper) and the 20 bar values gravimetric (Rubotherm), so the two conditions on one sample come from different instruments with no stated cross-check. G212's 1 bar value is gravimetric too: it is introduced in the 20 bar section and cites Fig. 7, the gravimetric figure. No sample mass, degas conditions or equilibration time is given for any hydrogen run. NOT RECORDED, figure-only: the 20 bar uptakes of the as-received carbon and both CO2-activated samples exist only as plotted points in Fig. 7, though they were plainly measured (Figs. 8a, 8b and 9 require them). Three rows are therefore absent by §3.4. Also figure-only: all intermediate isotherm points, every P-half value, and the as-received series' 1 bar gravimetric points. Traps: Table 2 mixes this work with five literature entries, and Maxsorb-3000's 3178 m2/g is 12 m2/g from this paper's own 3190 while CB850h's 6.9 wt% at 20 bar sits in the adjacent row to the 7.08; G212's 3.88 wt% is this paper's measurement but the 3.96 wt% beside it is ref [6]'s; 2965 m2/g is the theoretical double-sided graphene area, and the 3190 m2/g BET value exceeds it, which the paper glosses as 'as high as' and which flags 3190 as a BET overestimate on a micropore-dominated carbon fitted over a narrow 0.02-0.25 window; the +/-3% error belongs to packing density, not to any uptake. Text citing 'see Table 1' for the 1 bar uptakes is wrong - Table 1 has no hydrogen column, and those five values have no tabular source in this paper. No ash, metal or elemental analysis for any sample, and no uncertainty on any uptake. §13.3: BET 0 (this paper reports no surface area for G212), method 1, T/P 1, uptake type 0, purity 0, calibration 0, Chahine 0 (not assessable without a surface area) = 2 -> Tier D. The tier reflects how thinly this paper reports G212, not the material, which is a well characterised commercial carbon elsewhere.",HyCAN pipeline v2,2026-09-25,"Agent B: 94/98 agreed, 4 disputed and upheld",2026-09-25,HYC-0022-M8,,unspecified,,exact,false,false,isothermal,,,,,,,
HYC-0022,10.1021/ja8083225,Wang,2009,Journal of the American Chemical Society,High Hydrogen Storage Capacity of Porous Carbons Prepared by Using Activated Carbon,HYC-0022-S6,activated_carbon,"Commercial activated carbon G212 (PICA, Vierzon, France), measured by the authors as a reference material; this paper reports no characterisation for it",commercial,,,,,,,,,,,77,20,3.88,,unspecified,gravimetric_microbalance,,"Hydrogen Storage at 77 K and 20 bar section, p. 7020; gravimetric, Fig. 7",text_direct,3,D,"Commercial activated carbon further activated by the authors, plus one purchased reference carbon. Temperature is 77 K on every measurement; pressures are the paper's own units, no conversion. DISPUTE, RESOLVED IN THE VERIFIER'S FAVOUR. This is the first disputed cell the §3.2 protocol has produced. The extracting agent assigned synthesis_method = commercial to all six samples on the ground that the carbon skeleton was purchased. The verifier rejected that for the four samples the authors activated themselves, citing the paper's own framing ('Both physical and chemical activations were performed in our study') and the fact that Table 1 reports a carbon yield for exactly those four (62%, 49%, 53%, 43%) and a dash for the as-received sample - a sample with a burn-off yield was not bought in that state. Upheld: activation creates the porosity, so it is how these materials were made, and 'commercial' would assert the authors purchased them. Recorded as 'other' rather than a vocabulary value because the vocabulary has neither physical_activation nor chemical_activation; the route is in activation_method. 'commercial' is kept on the as-received carbon and on G212, which genuinely were purchased as measured. average_pore_diameter_nm IS DELIBERATELY EMPTY. The paper reports two pore sizes per sample and neither belongs in one field: D_BJH (3.9, 3.6, 3.6, 2.8, 2.5 nm), which the paper itself calls the mesopore size and which BJH desorption analysis cannot validly give for the two type-I KOH carbons, and D_HK (1.3, 1.1, 1.1, 0.59, 0.67 nm), the median micropore size on which every scientific claim in the paper rests. Storing D_BJH would tell a downstream reader that the best sample's characteristic pore is 2.5 nm when the paper attributes its performance to 0.67 nm. Both series are recorded here; the schema needs a pore-diameter method field and a median-micropore field. ultramicropore_volume_cm3_g IS ALSO EMPTY: the paper's V<1nm (0.17, 0.21, 0.19, 0.69, 0.79 cm3/g, Horvath-Kawazoe cumulative) is cut at 1 nm, while this field is documented at 0.7 nm and carries 0.7 nm values for HYC-0005 and HYC-0021. Mixing the cutoffs would corrupt the one quantity schema v1.1 was added to make comparable. The paper concludes V<1nm predicts 1 bar uptake better than the micropore fraction does, so this is a real loss. micropore_volume_cm3_g is Dubinin-Radushkevich (Table 1 footnote d). Neither 'excess' nor 'absolute' appears, and NO BUOYANCY CORRECTION is described in the main text for the 1-20 bar magnetic-suspension-balance measurements - the method is deferred to Supporting Information not held here. On a ~3 cm3/g-envelope carbon at 77 K and 20 bar the buoyancy term is worth several tenths of a wt%, so excess vs absolute is not a rounding-level question on the 7.08 wt% headline. uptake_type is unspecified and must not be upgraded by inference. The verifier pinned the wt% denominator independently: 43.2 g/L = 610 g/L x 0.0708, so wt% is g H2 per 100 g adsorbent, not per total system mass. The 1 bar values are volumetric (Micromeritics ASAP 2020, spelled 'Micrometrics' in the paper) and the 20 bar values gravimetric (Rubotherm), so the two conditions on one sample come from different instruments with no stated cross-check. G212's 1 bar value is gravimetric too: it is introduced in the 20 bar section and cites Fig. 7, the gravimetric figure. No sample mass, degas conditions or equilibration time is given for any hydrogen run. NOT RECORDED, figure-only: the 20 bar uptakes of the as-received carbon and both CO2-activated samples exist only as plotted points in Fig. 7, though they were plainly measured (Figs. 8a, 8b and 9 require them). Three rows are therefore absent by §3.4. Also figure-only: all intermediate isotherm points, every P-half value, and the as-received series' 1 bar gravimetric points. Traps: Table 2 mixes this work with five literature entries, and Maxsorb-3000's 3178 m2/g is 12 m2/g from this paper's own 3190 while CB850h's 6.9 wt% at 20 bar sits in the adjacent row to the 7.08; G212's 3.88 wt% is this paper's measurement but the 3.96 wt% beside it is ref [6]'s; 2965 m2/g is the theoretical double-sided graphene area, and the 3190 m2/g BET value exceeds it, which the paper glosses as 'as high as' and which flags 3190 as a BET overestimate on a micropore-dominated carbon fitted over a narrow 0.02-0.25 window; the +/-3% error belongs to packing density, not to any uptake. Text citing 'see Table 1' for the 1 bar uptakes is wrong - Table 1 has no hydrogen column, and those five values have no tabular source in this paper. No ash, metal or elemental analysis for any sample, and no uncertainty on any uptake. §13.3: BET 0, method 1, T/P 1, uptake type 0, purity 0, calibration 0, Chahine 0 = 2 -> Tier D, same basis as the 1 bar row. Note the 3.96 wt% quoted immediately after this value is ref [6]'s, not this paper's measurement.",HyCAN pipeline v2,2026-09-25,"Agent B: 94/98 agreed, 4 disputed and upheld",2026-09-25,HYC-0022-M9,,unspecified,,exact,false,false,isothermal,,,,,,,
